Category,ID,Latitude,Longitude,Date,MODIS_Tile,Line_Y_500m,Sample_X_500m,LE_500m,ET_QC_500m,ET_QC_500m_bitmask,ET_QC_500m_MODLAND,ET_QC_500m_MODLAND_Description,ET_QC_500m_Sensor,ET_QC_500m_Sensor_Description,ET_QC_500m_DeadDetector,ET_QC_500m_DeadDetector_Description,ET_QC_500m_CloudState,ET_QC_500m_CloudState_Description,ET_QC_500m_SCF_QC,ET_QC_500m_SCF_QC_Description
,Ne2,41.16487,-96.4701,2010-12-27,h10v04,2120.0,1770.0,32765.0,8.0,0b00001000,0b0,Good quality (main algorithm with or without saturation),0b0,Terra,0b0,"Detectors apparently fine for up to 50% of channels 1, 2",0b01,Significant clouds WERE present,0b000,"Main (RT) method used, best result possible (no saturation)"
,Ne2,41.16487,-96.4701,2010-12-27,h10v04,2120.0,1770.0,32765.0,10.0,0b00001010,0b0,Good quality (main algorithm with or without saturation),0b1,Aqua,0b0,"Detectors apparently fine for up to 50% of channels 1, 2",0b01,Significant clouds WERE present,0b000,"Main (RT) method used, best result possible (no saturation)"
,Ne2,41.16487,-96.4701,2011-01-01,h10v04,2120.0,1770.0,32765.0,10.0,0b00001010,0b0,Good quality (main algorithm with or without saturation),0b1,Aqua,0b0,"Detectors apparently fine for up to 50% of channels 1, 2",0b01,Significant clouds WERE present,0b000,"Main (RT) method used, best result possible (no saturation)"
,Ne2,41.16487,-96.4701,2011-01-01,h10v04,2120.0,1770.0,32765.0,8.0,0b00001000,0b0,Good quality (main algorithm with or without saturation),0b0,Terra,0b0,"Detectors apparently fine for up to 50% of channels 1, 2",0b01,Significant clouds WERE present,0b000,"Main (RT) method used, best result possible (no saturation)"
,Ne2,41.16487,-96.4701,2011-01-09,h10v04,2120.0,1770.0,32765.0,105.0,0b01101001,0b1,Other Quality (back-up algorithm or fill values),0b0,Terra,0b0,"Detectors apparently fine for up to 50% of channels 1, 2",0b01,Significant clouds WERE present,0b011,"Main (RT) method failed due to problems other than geometry, empirical algorithm used"
,Ne2,41.16487,-96.4701,2011-01-09,h10v04,2120.0,1770.0,32765.0,107.0,0b01101011,0b1,Other Quality (back-up algorithm or fill values),0b1,Aqua,0b0,"Detectors apparently fine for up to 50% of channels 1, 2",0b01,Significant clouds WERE present,0b011,"Main (RT) method failed due to problems other than geometry, empirical algorithm used"
,Ne2,41.16487,-96.4701,2011-01-17,h10v04,2120.0,1770.0,32765.0,105.0,0b01101001,0b1,Other Quality (back-up algorithm or fill values),0b0,Terra,0b0,"Detectors apparently fine for up to 50% of channels 1, 2",0b01,Significant clouds WERE present,0b011,"Main (RT) method failed due to problems other than geometry, empirical algorithm used"
,Ne2,41.16487,-96.4701,2011-01-17,h10v04,2120.0,1770.0,32765.0,107.0,0b01101011,0b1,Other Quality (back-up algorithm or fill values),0b1,Aqua,0b0,"Detectors apparently fine for up to 50% of channels 1, 2",0b01,Significant clouds WERE present,0b011,"Main (RT) method failed due to problems other than geometry, empirical algorithm used"
,Ne2,41.16487,-96.4701,2011-01-25,h10v04,2120.0,1770.0,32765.0,97.0,0b01100001,0b1,Other Quality (back-up algorithm or fill values),0b0,Terra,0b0,"Detectors apparently fine for up to 50% of channels 1, 2",0b00,Significant clouds NOT present (clear),0b011,"Main (RT) method failed due to problems other than geometry, empirical algorithm used"
,Ne2,41.16487,-96.4701,2011-01-25,h10v04,2120.0,1770.0,32765.0,99.0,0b01100011,0b1,Other Quality (back-up algorithm or fill values),0b1,Aqua,0b0,"Detectors apparently fine for up to 50% of channels 1, 2",0b00,Significant clouds NOT present (clear),0b011,"Main (RT) method failed due to problems other than geometry, empirical algorithm used"
,Ne2,41.16487,-96.4701,2011-02-02,h10v04,2120.0,1770.0,32765.0,107.0,0b01101011,0b1,Other Quality (back-up algorithm or fill values),0b1,Aqua,0b0,"Detectors apparently fine for up to 50% of channels 1, 2",0b01,Significant clouds WERE present,0b011,"Main (RT) method failed due to problems other than geometry, empirical algorithm used"
,Ne2,41.16487,-96.4701,2011-02-02,h10v04,2120.0,1770.0,32765.0,105.0,0b01101001,0b1,Other Quality (back-up algorithm or fill values),0b0,Terra,0b0,"Detectors apparently fine for up to 50% of channels 1, 2",0b01,Significant clouds WERE present,0b011,"Main (RT) method failed due to problems other than geometry, empirical algorithm used"
,Ne2,41.16487,-96.4701,2011-02-10,h10v04,2120.0,1770.0,32765.0,18.0,0b00010010,0b0,Good quality (main algorithm with or without saturation),0b1,Aqua,0b0,"Detectors apparently fine for up to 50% of channels 1, 2",0b10,Mixed cloud present on pixel,0b000,"Main (RT) method used, best result possible (no saturation)"
,Ne2,41.16487,-96.4701,2011-02-10,h10v04,2120.0,1770.0,32765.0,8.0,0b00001000,0b0,Good quality (main algorithm with or without saturation),0b0,Terra,0b0,"Detectors apparently fine for up to 50% of channels 1, 2",0b01,Significant clouds WERE present,0b000,"Main (RT) method used, best result possible (no saturation)"
,Ne2,41.16487,-96.4701,2011-02-18,h10v04,2120.0,1770.0,32765.0,10.0,0b00001010,0b0,Good quality (main algorithm with or without saturation),0b1,Aqua,0b0,"Detectors apparently fine for up to 50% of channels 1, 2",0b01,Significant clouds WERE present,0b000,"Main (RT) method used, best result possible (no saturation)"
,Ne2,41.16487,-96.4701,2011-02-18,h10v04,2120.0,1770.0,2680000.0,0.0,0b00000000,0b0,Good quality (main algorithm with or without saturation),0b0,Terra,0b0,"Detectors apparently fine for up to 50% of channels 1, 2",0b00,Significant clouds NOT present (clear),0b000,"Main (RT) method used, best result possible (no saturation)"
,Ne2,41.16487,-96.4701,2011-02-26,h10v04,2120.0,1770.0,3280000.0,2.0,0b00000010,0b0,Good quality (main algorithm with or without saturation),0b1,Aqua,0b0,"Detectors apparently fine for up to 50% of channels 1, 2",0b00,Significant clouds NOT present (clear),0b000,"Main (RT) method used, best result possible (no saturation)"
,Ne2,41.16487,-96.4701,2011-02-26,h10v04,2120.0,1770.0,3180000.0,0.0,0b00000000,0b0,Good quality (main algorithm with or without saturation),0b0,Terra,0b0,"Detectors apparently fine for up to 50% of channels 1, 2",0b00,Significant clouds NOT present (clear),0b000,"Main (RT) method used, best result possible (no saturation)"
,Ne2,41.16487,-96.4701,2011-03-06,h10v04,2120.0,1770.0,2620000.0,2.0,0b00000010,0b0,Good quality (main algorithm with or without saturation),0b1,Aqua,0b0,"Detectors apparently fine for up to 50% of channels 1, 2",0b00,Significant clouds NOT present (clear),0b000,"Main (RT) method used, best result possible (no saturation)"
,Ne2,41.16487,-96.4701,2011-03-06,h10v04,2120.0,1770.0,2620000.0,0.0,0b00000000,0b0,Good quality (main algorithm with or without saturation),0b0,Terra,0b0,"Detectors apparently fine for up to 50% of channels 1, 2",0b00,Significant clouds NOT present (clear),0b000,"Main (RT) method used, best result possible (no saturation)"
,Ne2,41.16487,-96.4701,2011-03-14,h10v04,2120.0,1770.0,32765.0,10.0,0b00001010,0b0,Good quality (main algorithm with or without saturation),0b1,Aqua,0b0,"Detectors apparently fine for up to 50% of channels 1, 2",0b01,Significant clouds WERE present,0b000,"Main (RT) method used, best result possible (no saturation)"
,Ne2,41.16487,-96.4701,2011-03-14,h10v04,2120.0,1770.0,3550000.0,0.0,0b00000000,0b0,Good quality (main algorithm with or without saturation),0b0,Terra,0b0,"Detectors apparently fine for up to 50% of channels 1, 2",0b00,Significant clouds NOT present (clear),0b000,"Main (RT) method used, best result possible (no saturation)"
,Ne2,41.16487,-96.4701,2011-03-22,h10v04,2120.0,1770.0,32765.0,18.0,0b00010010,0b0,Good quality (main algorithm with or without saturation),0b1,Aqua,0b0,"Detectors apparently fine for up to 50% of channels 1, 2",0b10,Mixed cloud present on pixel,0b000,"Main (RT) method used, best result possible (no saturation)"
,Ne2,41.16487,-96.4701,2011-03-22,h10v04,2120.0,1770.0,32765.0,105.0,0b01101001,0b1,Other Quality (back-up algorithm or fill values),0b0,Terra,0b0,"Detectors apparently fine for up to 50% of channels 1, 2",0b01,Significant clouds WERE present,0b011,"Main (RT) method failed due to problems other than geometry, empirical algorithm used"
,Ne2,41.16487,-96.4701,2011-03-30,h10v04,2120.0,1770.0,2070000.0,0.0,0b00000000,0b0,Good quality (main algorithm with or without saturation),0b0,Terra,0b0,"Detectors apparently fine for up to 50% of channels 1, 2",0b00,Significant clouds NOT present (clear),0b000,"Main (RT) method used, best result possible (no saturation)"
,Ne2,41.16487,-96.4701,2011-03-30,h10v04,2120.0,1770.0,2070000.0,2.0,0b00000010,0b0,Good quality (main algorithm with or without saturation),0b1,Aqua,0b0,"Detectors apparently fine for up to 50% of channels 1, 2",0b00,Significant clouds NOT present (clear),0b000,"Main (RT) method used, best result possible (no saturation)"
,Ne2,41.16487,-96.4701,2011-04-07,h10v04,2120.0,1770.0,3090000.0,0.0,0b00000000,0b0,Good quality (main algorithm with or without saturation),0b0,Terra,0b0,"Detectors apparently fine for up to 50% of channels 1, 2",0b00,Significant clouds NOT present (clear),0b000,"Main (RT) method used, best result possible (no saturation)"
,Ne2,41.16487,-96.4701,2011-04-07,h10v04,2120.0,1770.0,3050000.0,2.0,0b00000010,0b0,Good quality (main algorithm with or without saturation),0b1,Aqua,0b0,"Detectors apparently fine for up to 50% of channels 1, 2",0b00,Significant clouds NOT present (clear),0b000,"Main (RT) method used, best result possible (no saturation)"
,Ne2,41.16487,-96.4701,2011-04-15,h10v04,2120.0,1770.0,3650000.0,0.0,0b00000000,0b0,Good quality (main algorithm with or without saturation),0b0,Terra,0b0,"Detectors apparently fine for up to 50% of channels 1, 2",0b00,Significant clouds NOT present (clear),0b000,"Main (RT) method used, best result possible (no saturation)"
,Ne2,41.16487,-96.4701,2011-04-15,h10v04,2120.0,1770.0,32765.0,18.0,0b00010010,0b0,Good quality (main algorithm with or without saturation),0b1,Aqua,0b0,"Detectors apparently fine for up to 50% of channels 1, 2",0b10,Mixed cloud present on pixel,0b000,"Main (RT) method used, best result possible (no saturation)"
,Ne2,41.16487,-96.4701,2011-04-23,h10v04,2120.0,1770.0,32765.0,16.0,0b00010000,0b0,Good quality (main algorithm with or without saturation),0b0,Terra,0b0,"Detectors apparently fine for up to 50% of channels 1, 2",0b10,Mixed cloud present on pixel,0b000,"Main (RT) method used, best result possible (no saturation)"
,Ne2,41.16487,-96.4701,2011-04-23,h10v04,2120.0,1770.0,32765.0,18.0,0b00010010,0b0,Good quality (main algorithm with or without saturation),0b1,Aqua,0b0,"Detectors apparently fine for up to 50% of channels 1, 2",0b10,Mixed cloud present on pixel,0b000,"Main (RT) method used, best result possible (no saturation)"
,Ne2,41.16487,-96.4701,2011-05-01,h10v04,2120.0,1770.0,1680000.0,0.0,0b00000000,0b0,Good quality (main algorithm with or without saturation),0b0,Terra,0b0,"Detectors apparently fine for up to 50% of channels 1, 2",0b00,Significant clouds NOT present (clear),0b000,"Main (RT) method used, best result possible (no saturation)"
,Ne2,41.16487,-96.4701,2011-05-01,h10v04,2120.0,1770.0,32765.0,18.0,0b00010010,0b0,Good quality (main algorithm with or without saturation),0b1,Aqua,0b0,"Detectors apparently fine for up to 50% of channels 1, 2",0b10,Mixed cloud present on pixel,0b000,"Main (RT) method used, best result possible (no saturation)"
,Ne2,41.16487,-96.4701,2011-05-09,h10v04,2120.0,1770.0,3030000.0,0.0,0b00000000,0b0,Good quality (main algorithm with or without saturation),0b0,Terra,0b0,"Detectors apparently fine for up to 50% of channels 1, 2",0b00,Significant clouds NOT present (clear),0b000,"Main (RT) method used, best result possible (no saturation)"
,Ne2,41.16487,-96.4701,2011-05-09,h10v04,2120.0,1770.0,3040000.0,2.0,0b00000010,0b0,Good quality (main algorithm with or without saturation),0b1,Aqua,0b0,"Detectors apparently fine for up to 50% of channels 1, 2",0b00,Significant clouds NOT present (clear),0b000,"Main (RT) method used, best result possible (no saturation)"
,Ne2,41.16487,-96.4701,2011-05-17,h10v04,2120.0,1770.0,32765.0,8.0,0b00001000,0b0,Good quality (main algorithm with or without saturation),0b0,Terra,0b0,"Detectors apparently fine for up to 50% of channels 1, 2",0b01,Significant clouds WERE present,0b000,"Main (RT) method used, best result possible (no saturation)"
,Ne2,41.16487,-96.4701,2011-05-17,h10v04,2120.0,1770.0,3420000.0,2.0,0b00000010,0b0,Good quality (main algorithm with or without saturation),0b1,Aqua,0b0,"Detectors apparently fine for up to 50% of channels 1, 2",0b00,Significant clouds NOT present (clear),0b000,"Main (RT) method used, best result possible (no saturation)"
,Ne2,41.16487,-96.4701,2011-05-25,h10v04,2120.0,1770.0,3080000.0,0.0,0b00000000,0b0,Good quality (main algorithm with or without saturation),0b0,Terra,0b0,"Detectors apparently fine for up to 50% of channels 1, 2",0b00,Significant clouds NOT present (clear),0b000,"Main (RT) method used, best result possible (no saturation)"
,Ne2,41.16487,-96.4701,2011-05-25,h10v04,2120.0,1770.0,32765.0,18.0,0b00010010,0b0,Good quality (main algorithm with or without saturation),0b1,Aqua,0b0,"Detectors apparently fine for up to 50% of channels 1, 2",0b10,Mixed cloud present on pixel,0b000,"Main (RT) method used, best result possible (no saturation)"
,Ne2,41.16487,-96.4701,2011-06-02,h10v04,2120.0,1770.0,3460000.0,0.0,0b00000000,0b0,Good quality (main algorithm with or without saturation),0b0,Terra,0b0,"Detectors apparently fine for up to 50% of channels 1, 2",0b00,Significant clouds NOT present (clear),0b000,"Main (RT) method used, best result possible (no saturation)"
,Ne2,41.16487,-96.4701,2011-06-02,h10v04,2120.0,1770.0,3830000.0,2.0,0b00000010,0b0,Good quality (main algorithm with or without saturation),0b1,Aqua,0b0,"Detectors apparently fine for up to 50% of channels 1, 2",0b00,Significant clouds NOT present (clear),0b000,"Main (RT) method used, best result possible (no saturation)"
,Ne2,41.16487,-96.4701,2011-06-10,h10v04,2120.0,1770.0,32765.0,8.0,0b00001000,0b0,Good quality (main algorithm with or without saturation),0b0,Terra,0b0,"Detectors apparently fine for up to 50% of channels 1, 2",0b01,Significant clouds WERE present,0b000,"Main (RT) method used, best result possible (no saturation)"
,Ne2,41.16487,-96.4701,2011-06-10,h10v04,2120.0,1770.0,32765.0,10.0,0b00001010,0b0,Good quality (main algorithm with or without saturation),0b1,Aqua,0b0,"Detectors apparently fine for up to 50% of channels 1, 2",0b01,Significant clouds WERE present,0b000,"Main (RT) method used, best result possible (no saturation)"
,Ne2,41.16487,-96.4701,2011-06-18,h10v04,2120.0,1770.0,32765.0,16.0,0b00010000,0b0,Good quality (main algorithm with or without saturation),0b0,Terra,0b0,"Detectors apparently fine for up to 50% of channels 1, 2",0b10,Mixed cloud present on pixel,0b000,"Main (RT) method used, best result possible (no saturation)"
,Ne2,41.16487,-96.4701,2011-06-18,h10v04,2120.0,1770.0,32765.0,18.0,0b00010010,0b0,Good quality (main algorithm with or without saturation),0b1,Aqua,0b0,"Detectors apparently fine for up to 50% of channels 1, 2",0b10,Mixed cloud present on pixel,0b000,"Main (RT) method used, best result possible (no saturation)"
,Ne2,41.16487,-96.4701,2011-06-26,h10v04,2120.0,1770.0,7650000.0,0.0,0b00000000,0b0,Good quality (main algorithm with or without saturation),0b0,Terra,0b0,"Detectors apparently fine for up to 50% of channels 1, 2",0b00,Significant clouds NOT present (clear),0b000,"Main (RT) method used, best result possible (no saturation)"
,Ne2,41.16487,-96.4701,2011-06-26,h10v04,2120.0,1770.0,6900000.0,2.0,0b00000010,0b0,Good quality (main algorithm with or without saturation),0b1,Aqua,0b0,"Detectors apparently fine for up to 50% of channels 1, 2",0b00,Significant clouds NOT present (clear),0b000,"Main (RT) method used, best result possible (no saturation)"
,Ne2,41.16487,-96.4701,2011-07-04,h10v04,2120.0,1770.0,8780000.0,2.0,0b00000010,0b0,Good quality (main algorithm with or without saturation),0b1,Aqua,0b0,"Detectors apparently fine for up to 50% of channels 1, 2",0b00,Significant clouds NOT present (clear),0b000,"Main (RT) method used, best result possible (no saturation)"
,Ne2,41.16487,-96.4701,2011-07-04,h10v04,2120.0,1770.0,8780000.0,0.0,0b00000000,0b0,Good quality (main algorithm with or without saturation),0b0,Terra,0b0,"Detectors apparently fine for up to 50% of channels 1, 2",0b00,Significant clouds NOT present (clear),0b000,"Main (RT) method used, best result possible (no saturation)"
,Ne2,41.16487,-96.4701,2011-07-12,h10v04,2120.0,1770.0,7120000.0,0.0,0b00000000,0b0,Good quality (main algorithm with or without saturation),0b0,Terra,0b0,"Detectors apparently fine for up to 50% of channels 1, 2",0b00,Significant clouds NOT present (clear),0b000,"Main (RT) method used, best result possible (no saturation)"
,Ne2,41.16487,-96.4701,2011-07-12,h10v04,2120.0,1770.0,11260000.0,2.0,0b00000010,0b0,Good quality (main algorithm with or without saturation),0b1,Aqua,0b0,"Detectors apparently fine for up to 50% of channels 1, 2",0b00,Significant clouds NOT present (clear),0b000,"Main (RT) method used, best result possible (no saturation)"
,Ne2,41.16487,-96.4701,2011-07-20,h10v04,2120.0,1770.0,10910000.0,2.0,0b00000010,0b0,Good quality (main algorithm with or without saturation),0b1,Aqua,0b0,"Detectors apparently fine for up to 50% of channels 1, 2",0b00,Significant clouds NOT present (clear),0b000,"Main (RT) method used, best result possible (no saturation)"
,Ne2,41.16487,-96.4701,2011-07-20,h10v04,2120.0,1770.0,11550000.0,0.0,0b00000000,0b0,Good quality (main algorithm with or without saturation),0b0,Terra,0b0,"Detectors apparently fine for up to 50% of channels 1, 2",0b00,Significant clouds NOT present (clear),0b000,"Main (RT) method used, best result possible (no saturation)"
,Ne2,41.16487,-96.4701,2011-07-28,h10v04,2120.0,1770.0,11940000.0,2.0,0b00000010,0b0,Good quality (main algorithm with or without saturation),0b1,Aqua,0b0,"Detectors apparently fine for up to 50% of channels 1, 2",0b00,Significant clouds NOT present (clear),0b000,"Main (RT) method used, best result possible (no saturation)"
,Ne2,41.16487,-96.4701,2011-07-28,h10v04,2120.0,1770.0,9980000.0,0.0,0b00000000,0b0,Good quality (main algorithm with or without saturation),0b0,Terra,0b0,"Detectors apparently fine for up to 50% of channels 1, 2",0b00,Significant clouds NOT present (clear),0b000,"Main (RT) method used, best result possible (no saturation)"
,Ne2,41.16487,-96.4701,2011-08-05,h10v04,2120.0,1770.0,13030000.0,0.0,0b00000000,0b0,Good quality (main algorithm with or without saturation),0b0,Terra,0b0,"Detectors apparently fine for up to 50% of channels 1, 2",0b00,Significant clouds NOT present (clear),0b000,"Main (RT) method used, best result possible (no saturation)"
,Ne2,41.16487,-96.4701,2011-08-05,h10v04,2120.0,1770.0,13610000.0,2.0,0b00000010,0b0,Good quality (main algorithm with or without saturation),0b1,Aqua,0b0,"Detectors apparently fine for up to 50% of channels 1, 2",0b00,Significant clouds NOT present (clear),0b000,"Main (RT) method used, best result possible (no saturation)"
,Ne2,41.16487,-96.4701,2011-08-13,h10v04,2120.0,1770.0,11290000.0,2.0,0b00000010,0b0,Good quality (main algorithm with or without saturation),0b1,Aqua,0b0,"Detectors apparently fine for up to 50% of channels 1, 2",0b00,Significant clouds NOT present (clear),0b000,"Main (RT) method used, best result possible (no saturation)"
,Ne2,41.16487,-96.4701,2011-08-13,h10v04,2120.0,1770.0,11580000.0,0.0,0b00000000,0b0,Good quality (main algorithm with or without saturation),0b0,Terra,0b0,"Detectors apparently fine for up to 50% of channels 1, 2",0b00,Significant clouds NOT present (clear),0b000,"Main (RT) method used, best result possible (no saturation)"
,Ne2,41.16487,-96.4701,2011-08-21,h10v04,2120.0,1770.0,10680000.0,0.0,0b00000000,0b0,Good quality (main algorithm with or without saturation),0b0,Terra,0b0,"Detectors apparently fine for up to 50% of channels 1, 2",0b00,Significant clouds NOT present (clear),0b000,"Main (RT) method used, best result possible (no saturation)"
,Ne2,41.16487,-96.4701,2011-08-21,h10v04,2120.0,1770.0,10330000.0,2.0,0b00000010,0b0,Good quality (main algorithm with or without saturation),0b1,Aqua,0b0,"Detectors apparently fine for up to 50% of channels 1, 2",0b00,Significant clouds NOT present (clear),0b000,"Main (RT) method used, best result possible (no saturation)"
,Ne2,41.16487,-96.4701,2011-08-29,h10v04,2120.0,1770.0,6470000.0,2.0,0b00000010,0b0,Good quality (main algorithm with or without saturation),0b1,Aqua,0b0,"Detectors apparently fine for up to 50% of channels 1, 2",0b00,Significant clouds NOT present (clear),0b000,"Main (RT) method used, best result possible (no saturation)"
,Ne2,41.16487,-96.4701,2011-08-29,h10v04,2120.0,1770.0,5530000.0,0.0,0b00000000,0b0,Good quality (main algorithm with or without saturation),0b0,Terra,0b0,"Detectors apparently fine for up to 50% of channels 1, 2",0b00,Significant clouds NOT present (clear),0b000,"Main (RT) method used, best result possible (no saturation)"
,Ne2,41.16487,-96.4701,2011-09-06,h10v04,2120.0,1770.0,7320000.0,0.0,0b00000000,0b0,Good quality (main algorithm with or without saturation),0b0,Terra,0b0,"Detectors apparently fine for up to 50% of channels 1, 2",0b00,Significant clouds NOT present (clear),0b000,"Main (RT) method used, best result possible (no saturation)"
,Ne2,41.16487,-96.4701,2011-09-06,h10v04,2120.0,1770.0,7240000.0,2.0,0b00000010,0b0,Good quality (main algorithm with or without saturation),0b1,Aqua,0b0,"Detectors apparently fine for up to 50% of channels 1, 2",0b00,Significant clouds NOT present (clear),0b000,"Main (RT) method used, best result possible (no saturation)"
,Ne2,41.16487,-96.4701,2011-09-14,h10v04,2120.0,1770.0,4180000.0,2.0,0b00000010,0b0,Good quality (main algorithm with or without saturation),0b1,Aqua,0b0,"Detectors apparently fine for up to 50% of channels 1, 2",0b00,Significant clouds NOT present (clear),0b000,"Main (RT) method used, best result possible (no saturation)"
,Ne2,41.16487,-96.4701,2011-09-14,h10v04,2120.0,1770.0,4030000.0,0.0,0b00000000,0b0,Good quality (main algorithm with or without saturation),0b0,Terra,0b0,"Detectors apparently fine for up to 50% of channels 1, 2",0b00,Significant clouds NOT present (clear),0b000,"Main (RT) method used, best result possible (no saturation)"
,Ne2,41.16487,-96.4701,2011-09-22,h10v04,2120.0,1770.0,3590000.0,0.0,0b00000000,0b0,Good quality (main algorithm with or without saturation),0b0,Terra,0b0,"Detectors apparently fine for up to 50% of channels 1, 2",0b00,Significant clouds NOT present (clear),0b000,"Main (RT) method used, best result possible (no saturation)"
,Ne2,41.16487,-96.4701,2011-09-22,h10v04,2120.0,1770.0,32765.0,18.0,0b00010010,0b0,Good quality (main algorithm with or without saturation),0b1,Aqua,0b0,"Detectors apparently fine for up to 50% of channels 1, 2",0b10,Mixed cloud present on pixel,0b000,"Main (RT) method used, best result possible (no saturation)"
,Ne2,41.16487,-96.4701,2011-09-30,h10v04,2120.0,1770.0,1930000.0,0.0,0b00000000,0b0,Good quality (main algorithm with or without saturation),0b0,Terra,0b0,"Detectors apparently fine for up to 50% of channels 1, 2",0b00,Significant clouds NOT present (clear),0b000,"Main (RT) method used, best result possible (no saturation)"
,Ne2,41.16487,-96.4701,2011-09-30,h10v04,2120.0,1770.0,1900000.0,2.0,0b00000010,0b0,Good quality (main algorithm with or without saturation),0b1,Aqua,0b0,"Detectors apparently fine for up to 50% of channels 1, 2",0b00,Significant clouds NOT present (clear),0b000,"Main (RT) method used, best result possible (no saturation)"
,Ne2,41.16487,-96.4701,2011-10-08,h10v04,2120.0,1770.0,1600000.0,0.0,0b00000000,0b0,Good quality (main algorithm with or without saturation),0b0,Terra,0b0,"Detectors apparently fine for up to 50% of channels 1, 2",0b00,Significant clouds NOT present (clear),0b000,"Main (RT) method used, best result possible (no saturation)"
,Ne2,41.16487,-96.4701,2011-10-08,h10v04,2120.0,1770.0,32765.0,18.0,0b00010010,0b0,Good quality (main algorithm with or without saturation),0b1,Aqua,0b0,"Detectors apparently fine for up to 50% of channels 1, 2",0b10,Mixed cloud present on pixel,0b000,"Main (RT) method used, best result possible (no saturation)"
,Ne2,41.16487,-96.4701,2011-10-16,h10v04,2120.0,1770.0,1290000.0,0.0,0b00000000,0b0,Good quality (main algorithm with or without saturation),0b0,Terra,0b0,"Detectors apparently fine for up to 50% of channels 1, 2",0b00,Significant clouds NOT present (clear),0b000,"Main (RT) method used, best result possible (no saturation)"
,Ne2,41.16487,-96.4701,2011-10-16,h10v04,2120.0,1770.0,32765.0,18.0,0b00010010,0b0,Good quality (main algorithm with or without saturation),0b1,Aqua,0b0,"Detectors apparently fine for up to 50% of channels 1, 2",0b10,Mixed cloud present on pixel,0b000,"Main (RT) method used, best result possible (no saturation)"
,Ne2,41.16487,-96.4701,2011-10-24,h10v04,2120.0,1770.0,32765.0,10.0,0b00001010,0b0,Good quality (main algorithm with or without saturation),0b1,Aqua,0b0,"Detectors apparently fine for up to 50% of channels 1, 2",0b01,Significant clouds WERE present,0b000,"Main (RT) method used, best result possible (no saturation)"
,Ne2,41.16487,-96.4701,2011-10-24,h10v04,2120.0,1770.0,32765.0,16.0,0b00010000,0b0,Good quality (main algorithm with or without saturation),0b0,Terra,0b0,"Detectors apparently fine for up to 50% of channels 1, 2",0b10,Mixed cloud present on pixel,0b000,"Main (RT) method used, best result possible (no saturation)"
,Ne2,41.16487,-96.4701,2011-11-01,h10v04,2120.0,1770.0,32765.0,16.0,0b00010000,0b0,Good quality (main algorithm with or without saturation),0b0,Terra,0b0,"Detectors apparently fine for up to 50% of channels 1, 2",0b10,Mixed cloud present on pixel,0b000,"Main (RT) method used, best result possible (no saturation)"
,Ne2,41.16487,-96.4701,2011-11-01,h10v04,2120.0,1770.0,32765.0,18.0,0b00010010,0b0,Good quality (main algorithm with or without saturation),0b1,Aqua,0b0,"Detectors apparently fine for up to 50% of channels 1, 2",0b10,Mixed cloud present on pixel,0b000,"Main (RT) method used, best result possible (no saturation)"
,Ne2,41.16487,-96.4701,2011-11-09,h10v04,2120.0,1770.0,32765.0,8.0,0b00001000,0b0,Good quality (main algorithm with or without saturation),0b0,Terra,0b0,"Detectors apparently fine for up to 50% of channels 1, 2",0b01,Significant clouds WERE present,0b000,"Main (RT) method used, best result possible (no saturation)"
,Ne2,41.16487,-96.4701,2011-11-09,h10v04,2120.0,1770.0,32765.0,18.0,0b00010010,0b0,Good quality (main algorithm with or without saturation),0b1,Aqua,0b0,"Detectors apparently fine for up to 50% of channels 1, 2",0b10,Mixed cloud present on pixel,0b000,"Main (RT) method used, best result possible (no saturation)"
,Ne2,41.16487,-96.4701,2011-11-17,h10v04,2120.0,1770.0,32765.0,16.0,0b00010000,0b0,Good quality (main algorithm with or without saturation),0b0,Terra,0b0,"Detectors apparently fine for up to 50% of channels 1, 2",0b10,Mixed cloud present on pixel,0b000,"Main (RT) method used, best result possible (no saturation)"
,Ne2,41.16487,-96.4701,2011-11-17,h10v04,2120.0,1770.0,32765.0,18.0,0b00010010,0b0,Good quality (main algorithm with or without saturation),0b1,Aqua,0b0,"Detectors apparently fine for up to 50% of channels 1, 2",0b10,Mixed cloud present on pixel,0b000,"Main (RT) method used, best result possible (no saturation)"
,Ne2,41.16487,-96.4701,2011-11-25,h10v04,2120.0,1770.0,1890000.0,0.0,0b00000000,0b0,Good quality (main algorithm with or without saturation),0b0,Terra,0b0,"Detectors apparently fine for up to 50% of channels 1, 2",0b00,Significant clouds NOT present (clear),0b000,"Main (RT) method used, best result possible (no saturation)"
,Ne2,41.16487,-96.4701,2011-11-25,h10v04,2120.0,1770.0,32765.0,10.0,0b00001010,0b0,Good quality (main algorithm with or without saturation),0b1,Aqua,0b0,"Detectors apparently fine for up to 50% of channels 1, 2",0b01,Significant clouds WERE present,0b000,"Main (RT) method used, best result possible (no saturation)"
,Ne2,41.16487,-96.4701,2011-12-03,h10v04,2120.0,1770.0,32765.0,105.0,0b01101001,0b1,Other Quality (back-up algorithm or fill values),0b0,Terra,0b0,"Detectors apparently fine for up to 50% of channels 1, 2",0b01,Significant clouds WERE present,0b011,"Main (RT) method failed due to problems other than geometry, empirical algorithm used"
,Ne2,41.16487,-96.4701,2011-12-03,h10v04,2120.0,1770.0,32765.0,107.0,0b01101011,0b1,Other Quality (back-up algorithm or fill values),0b1,Aqua,0b0,"Detectors apparently fine for up to 50% of channels 1, 2",0b01,Significant clouds WERE present,0b011,"Main (RT) method failed due to problems other than geometry, empirical algorithm used"
,Ne2,41.16487,-96.4701,2011-12-11,h10v04,2120.0,1770.0,32765.0,18.0,0b00010010,0b0,Good quality (main algorithm with or without saturation),0b1,Aqua,0b0,"Detectors apparently fine for up to 50% of channels 1, 2",0b10,Mixed cloud present on pixel,0b000,"Main (RT) method used, best result possible (no saturation)"
,Ne2,41.16487,-96.4701,2011-12-11,h10v04,2120.0,1770.0,1650000.0,0.0,0b00000000,0b0,Good quality (main algorithm with or without saturation),0b0,Terra,0b0,"Detectors apparently fine for up to 50% of channels 1, 2",0b00,Significant clouds NOT present (clear),0b000,"Main (RT) method used, best result possible (no saturation)"
,Ne2,41.16487,-96.4701,2011-12-19,h10v04,2120.0,1770.0,2270000.0,0.0,0b00000000,0b0,Good quality (main algorithm with or without saturation),0b0,Terra,0b0,"Detectors apparently fine for up to 50% of channels 1, 2",0b00,Significant clouds NOT present (clear),0b000,"Main (RT) method used, best result possible (no saturation)"
,Ne2,41.16487,-96.4701,2011-12-19,h10v04,2120.0,1770.0,32765.0,18.0,0b00010010,0b0,Good quality (main algorithm with or without saturation),0b1,Aqua,0b0,"Detectors apparently fine for up to 50% of channels 1, 2",0b10,Mixed cloud present on pixel,0b000,"Main (RT) method used, best result possible (no saturation)"
,Ne2,41.16487,-96.4701,2011-12-27,h10v04,2120.0,1770.0,2350000.0,0.0,0b00000000,0b0,Good quality (main algorithm with or without saturation),0b0,Terra,0b0,"Detectors apparently fine for up to 50% of channels 1, 2",0b00,Significant clouds NOT present (clear),0b000,"Main (RT) method used, best result possible (no saturation)"
,Ne2,41.16487,-96.4701,2011-12-27,h10v04,2120.0,1770.0,32765.0,10.0,0b00001010,0b0,Good quality (main algorithm with or without saturation),0b1,Aqua,0b0,"Detectors apparently fine for up to 50% of channels 1, 2",0b01,Significant clouds WERE present,0b000,"Main (RT) method used, best result possible (no saturation)"
,Ne2,41.16487,-96.4701,2012-01-01,h10v04,2120.0,1770.0,2150000.0,0.0,0b00000000,0b0,Good quality (main algorithm with or without saturation),0b0,Terra,0b0,"Detectors apparently fine for up to 50% of channels 1, 2",0b00,Significant clouds NOT present (clear),0b000,"Main (RT) method used, best result possible (no saturation)"
,Ne2,41.16487,-96.4701,2012-01-01,h10v04,2120.0,1770.0,2260000.0,2.0,0b00000010,0b0,Good quality (main algorithm with or without saturation),0b1,Aqua,0b0,"Detectors apparently fine for up to 50% of channels 1, 2",0b00,Significant clouds NOT present (clear),0b000,"Main (RT) method used, best result possible (no saturation)"
,Ne2,41.16487,-96.4701,2012-01-09,h10v04,2120.0,1770.0,2360000.0,0.0,0b00000000,0b0,Good quality (main algorithm with or without saturation),0b0,Terra,0b0,"Detectors apparently fine for up to 50% of channels 1, 2",0b00,Significant clouds NOT present (clear),0b000,"Main (RT) method used, best result possible (no saturation)"
,Ne2,41.16487,-96.4701,2012-01-09,h10v04,2120.0,1770.0,2360000.0,2.0,0b00000010,0b0,Good quality (main algorithm with or without saturation),0b1,Aqua,0b0,"Detectors apparently fine for up to 50% of channels 1, 2",0b00,Significant clouds NOT present (clear),0b000,"Main (RT) method used, best result possible (no saturation)"
,Ne2,41.16487,-96.4701,2012-01-17,h10v04,2120.0,1770.0,2180000.0,0.0,0b00000000,0b0,Good quality (main algorithm with or without saturation),0b0,Terra,0b0,"Detectors apparently fine for up to 50% of channels 1, 2",0b00,Significant clouds NOT present (clear),0b000,"Main (RT) method used, best result possible (no saturation)"
,Ne2,41.16487,-96.4701,2012-01-17,h10v04,2120.0,1770.0,2180000.0,2.0,0b00000010,0b0,Good quality (main algorithm with or without saturation),0b1,Aqua,0b0,"Detectors apparently fine for up to 50% of channels 1, 2",0b00,Significant clouds NOT present (clear),0b000,"Main (RT) method used, best result possible (no saturation)"
,Ne2,41.16487,-96.4701,2012-01-25,h10v04,2120.0,1770.0,2360000.0,0.0,0b00000000,0b0,Good quality (main algorithm with or without saturation),0b0,Terra,0b0,"Detectors apparently fine for up to 50% of channels 1, 2",0b00,Significant clouds NOT present (clear),0b000,"Main (RT) method used, best result possible (no saturation)"
,Ne2,41.16487,-96.4701,2012-01-25,h10v04,2120.0,1770.0,2360000.0,2.0,0b00000010,0b0,Good quality (main algorithm with or without saturation),0b1,Aqua,0b0,"Detectors apparently fine for up to 50% of channels 1, 2",0b00,Significant clouds NOT present (clear),0b000,"Main (RT) method used, best result possible (no saturation)"
,Ne2,41.16487,-96.4701,2012-02-02,h10v04,2120.0,1770.0,32765.0,105.0,0b01101001,0b1,Other Quality (back-up algorithm or fill values),0b0,Terra,0b0,"Detectors apparently fine for up to 50% of channels 1, 2",0b01,Significant clouds WERE present,0b011,"Main (RT) method failed due to problems other than geometry, empirical algorithm used"
,Ne2,41.16487,-96.4701,2012-02-02,h10v04,2120.0,1770.0,32765.0,107.0,0b01101011,0b1,Other Quality (back-up algorithm or fill values),0b1,Aqua,0b0,"Detectors apparently fine for up to 50% of channels 1, 2",0b01,Significant clouds WERE present,0b011,"Main (RT) method failed due to problems other than geometry, empirical algorithm used"
,Ne2,41.16487,-96.4701,2012-02-10,h10v04,2120.0,1770.0,32765.0,97.0,0b01100001,0b1,Other Quality (back-up algorithm or fill values),0b0,Terra,0b0,"Detectors apparently fine for up to 50% of channels 1, 2",0b00,Significant clouds NOT present (clear),0b011,"Main (RT) method failed due to problems other than geometry, empirical algorithm used"
,Ne2,41.16487,-96.4701,2012-02-10,h10v04,2120.0,1770.0,32765.0,107.0,0b01101011,0b1,Other Quality (back-up algorithm or fill values),0b1,Aqua,0b0,"Detectors apparently fine for up to 50% of channels 1, 2",0b01,Significant clouds WERE present,0b011,"Main (RT) method failed due to problems other than geometry, empirical algorithm used"
,Ne2,41.16487,-96.4701,2012-02-18,h10v04,2120.0,1770.0,32765.0,10.0,0b00001010,0b0,Good quality (main algorithm with or without saturation),0b1,Aqua,0b0,"Detectors apparently fine for up to 50% of channels 1, 2",0b01,Significant clouds WERE present,0b000,"Main (RT) method used, best result possible (no saturation)"
,Ne2,41.16487,-96.4701,2012-02-18,h10v04,2120.0,1770.0,32765.0,8.0,0b00001000,0b0,Good quality (main algorithm with or without saturation),0b0,Terra,0b0,"Detectors apparently fine for up to 50% of channels 1, 2",0b01,Significant clouds WERE present,0b000,"Main (RT) method used, best result possible (no saturation)"
,Ne2,41.16487,-96.4701,2012-02-26,h10v04,2120.0,1770.0,32765.0,8.0,0b00001000,0b0,Good quality (main algorithm with or without saturation),0b0,Terra,0b0,"Detectors apparently fine for up to 50% of channels 1, 2",0b01,Significant clouds WERE present,0b000,"Main (RT) method used, best result possible (no saturation)"
,Ne2,41.16487,-96.4701,2012-02-26,h10v04,2120.0,1770.0,32765.0,10.0,0b00001010,0b0,Good quality (main algorithm with or without saturation),0b1,Aqua,0b0,"Detectors apparently fine for up to 50% of channels 1, 2",0b01,Significant clouds WERE present,0b000,"Main (RT) method used, best result possible (no saturation)"
,Ne2,41.16487,-96.4701,2012-03-05,h10v04,2120.0,1770.0,32765.0,16.0,0b00010000,0b0,Good quality (main algorithm with or without saturation),0b0,Terra,0b0,"Detectors apparently fine for up to 50% of channels 1, 2",0b10,Mixed cloud present on pixel,0b000,"Main (RT) method used, best result possible (no saturation)"
,Ne2,41.16487,-96.4701,2012-03-05,h10v04,2120.0,1770.0,2000000.0,2.0,0b00000010,0b0,Good quality (main algorithm with or without saturation),0b1,Aqua,0b0,"Detectors apparently fine for up to 50% of channels 1, 2",0b00,Significant clouds NOT present (clear),0b000,"Main (RT) method used, best result possible (no saturation)"
,Ne2,41.16487,-96.4701,2012-03-13,h10v04,2120.0,1770.0,1980000.0,2.0,0b00000010,0b0,Good quality (main algorithm with or without saturation),0b1,Aqua,0b0,"Detectors apparently fine for up to 50% of channels 1, 2",0b00,Significant clouds NOT present (clear),0b000,"Main (RT) method used, best result possible (no saturation)"
,Ne2,41.16487,-96.4701,2012-03-13,h10v04,2120.0,1770.0,2010000.0,0.0,0b00000000,0b0,Good quality (main algorithm with or without saturation),0b0,Terra,0b0,"Detectors apparently fine for up to 50% of channels 1, 2",0b00,Significant clouds NOT present (clear),0b000,"Main (RT) method used, best result possible (no saturation)"
,Ne2,41.16487,-96.4701,2012-03-21,h10v04,2120.0,1770.0,1750000.0,0.0,0b00000000,0b0,Good quality (main algorithm with or without saturation),0b0,Terra,0b0,"Detectors apparently fine for up to 50% of channels 1, 2",0b00,Significant clouds NOT present (clear),0b000,"Main (RT) method used, best result possible (no saturation)"
,Ne2,41.16487,-96.4701,2012-03-21,h10v04,2120.0,1770.0,32765.0,18.0,0b00010010,0b0,Good quality (main algorithm with or without saturation),0b1,Aqua,0b0,"Detectors apparently fine for up to 50% of channels 1, 2",0b10,Mixed cloud present on pixel,0b000,"Main (RT) method used, best result possible (no saturation)"
,Ne2,41.16487,-96.4701,2012-03-29,h10v04,2120.0,1770.0,2470000.0,0.0,0b00000000,0b0,Good quality (main algorithm with or without saturation),0b0,Terra,0b0,"Detectors apparently fine for up to 50% of channels 1, 2",0b00,Significant clouds NOT present (clear),0b000,"Main (RT) method used, best result possible (no saturation)"
,Ne2,41.16487,-96.4701,2012-03-29,h10v04,2120.0,1770.0,2460000.0,2.0,0b00000010,0b0,Good quality (main algorithm with or without saturation),0b1,Aqua,0b0,"Detectors apparently fine for up to 50% of channels 1, 2",0b00,Significant clouds NOT present (clear),0b000,"Main (RT) method used, best result possible (no saturation)"
,Ne2,41.16487,-96.4701,2012-04-06,h10v04,2120.0,1770.0,1360000.0,0.0,0b00000000,0b0,Good quality (main algorithm with or without saturation),0b0,Terra,0b0,"Detectors apparently fine for up to 50% of channels 1, 2",0b00,Significant clouds NOT present (clear),0b000,"Main (RT) method used, best result possible (no saturation)"
,Ne2,41.16487,-96.4701,2012-04-06,h10v04,2120.0,1770.0,1480000.0,2.0,0b00000010,0b0,Good quality (main algorithm with or without saturation),0b1,Aqua,0b0,"Detectors apparently fine for up to 50% of channels 1, 2",0b00,Significant clouds NOT present (clear),0b000,"Main (RT) method used, best result possible (no saturation)"
,Ne2,41.16487,-96.4701,2012-04-14,h10v04,2120.0,1770.0,2760000.0,2.0,0b00000010,0b0,Good quality (main algorithm with or without saturation),0b1,Aqua,0b0,"Detectors apparently fine for up to 50% of channels 1, 2",0b00,Significant clouds NOT present (clear),0b000,"Main (RT) method used, best result possible (no saturation)"
,Ne2,41.16487,-96.4701,2012-04-14,h10v04,2120.0,1770.0,2780000.0,0.0,0b00000000,0b0,Good quality (main algorithm with or without saturation),0b0,Terra,0b0,"Detectors apparently fine for up to 50% of channels 1, 2",0b00,Significant clouds NOT present (clear),0b000,"Main (RT) method used, best result possible (no saturation)"
,Ne2,41.16487,-96.4701,2012-04-22,h10v04,2120.0,1770.0,2250000.0,2.0,0b00000010,0b0,Good quality (main algorithm with or without saturation),0b1,Aqua,0b0,"Detectors apparently fine for up to 50% of channels 1, 2",0b00,Significant clouds NOT present (clear),0b000,"Main (RT) method used, best result possible (no saturation)"
,Ne2,41.16487,-96.4701,2012-04-22,h10v04,2120.0,1770.0,2350000.0,0.0,0b00000000,0b0,Good quality (main algorithm with or without saturation),0b0,Terra,0b0,"Detectors apparently fine for up to 50% of channels 1, 2",0b00,Significant clouds NOT present (clear),0b000,"Main (RT) method used, best result possible (no saturation)"
,Ne2,41.16487,-96.4701,2012-04-30,h10v04,2120.0,1770.0,3750000.0,2.0,0b00000010,0b0,Good quality (main algorithm with or without saturation),0b1,Aqua,0b0,"Detectors apparently fine for up to 50% of channels 1, 2",0b00,Significant clouds NOT present (clear),0b000,"Main (RT) method used, best result possible (no saturation)"
,Ne2,41.16487,-96.4701,2012-04-30,h10v04,2120.0,1770.0,3740000.0,0.0,0b00000000,0b0,Good quality (main algorithm with or without saturation),0b0,Terra,0b0,"Detectors apparently fine for up to 50% of channels 1, 2",0b00,Significant clouds NOT present (clear),0b000,"Main (RT) method used, best result possible (no saturation)"
,Ne2,41.16487,-96.4701,2012-05-08,h10v04,2120.0,1770.0,1620000.0,2.0,0b00000010,0b0,Good quality (main algorithm with or without saturation),0b1,Aqua,0b0,"Detectors apparently fine for up to 50% of channels 1, 2",0b00,Significant clouds NOT present (clear),0b000,"Main (RT) method used, best result possible (no saturation)"
,Ne2,41.16487,-96.4701,2012-05-08,h10v04,2120.0,1770.0,1590000.0,0.0,0b00000000,0b0,Good quality (main algorithm with or without saturation),0b0,Terra,0b0,"Detectors apparently fine for up to 50% of channels 1, 2",0b00,Significant clouds NOT present (clear),0b000,"Main (RT) method used, best result possible (no saturation)"
,Ne2,41.16487,-96.4701,2012-05-16,h10v04,2120.0,1770.0,1750000.0,0.0,0b00000000,0b0,Good quality (main algorithm with or without saturation),0b0,Terra,0b0,"Detectors apparently fine for up to 50% of channels 1, 2",0b00,Significant clouds NOT present (clear),0b000,"Main (RT) method used, best result possible (no saturation)"
,Ne2,41.16487,-96.4701,2012-05-16,h10v04,2120.0,1770.0,2160000.0,2.0,0b00000010,0b0,Good quality (main algorithm with or without saturation),0b1,Aqua,0b0,"Detectors apparently fine for up to 50% of channels 1, 2",0b00,Significant clouds NOT present (clear),0b000,"Main (RT) method used, best result possible (no saturation)"
,Ne2,41.16487,-96.4701,2012-05-24,h10v04,2120.0,1770.0,3130000.0,0.0,0b00000000,0b0,Good quality (main algorithm with or without saturation),0b0,Terra,0b0,"Detectors apparently fine for up to 50% of channels 1, 2",0b00,Significant clouds NOT present (clear),0b000,"Main (RT) method used, best result possible (no saturation)"
,Ne2,41.16487,-96.4701,2012-05-24,h10v04,2120.0,1770.0,3130000.0,2.0,0b00000010,0b0,Good quality (main algorithm with or without saturation),0b1,Aqua,0b0,"Detectors apparently fine for up to 50% of channels 1, 2",0b00,Significant clouds NOT present (clear),0b000,"Main (RT) method used, best result possible (no saturation)"
,Ne2,41.16487,-96.4701,2012-06-01,h10v04,2120.0,1770.0,32765.0,16.0,0b00010000,0b0,Good quality (main algorithm with or without saturation),0b0,Terra,0b0,"Detectors apparently fine for up to 50% of channels 1, 2",0b10,Mixed cloud present on pixel,0b000,"Main (RT) method used, best result possible (no saturation)"
,Ne2,41.16487,-96.4701,2012-06-01,h10v04,2120.0,1770.0,3440000.0,2.0,0b00000010,0b0,Good quality (main algorithm with or without saturation),0b1,Aqua,0b0,"Detectors apparently fine for up to 50% of channels 1, 2",0b00,Significant clouds NOT present (clear),0b000,"Main (RT) method used, best result possible (no saturation)"
,Ne2,41.16487,-96.4701,2012-06-09,h10v04,2120.0,1770.0,6910000.0,2.0,0b00000010,0b0,Good quality (main algorithm with or without saturation),0b1,Aqua,0b0,"Detectors apparently fine for up to 50% of channels 1, 2",0b00,Significant clouds NOT present (clear),0b000,"Main (RT) method used, best result possible (no saturation)"
,Ne2,41.16487,-96.4701,2012-06-09,h10v04,2120.0,1770.0,5560000.0,0.0,0b00000000,0b0,Good quality (main algorithm with or without saturation),0b0,Terra,0b0,"Detectors apparently fine for up to 50% of channels 1, 2",0b00,Significant clouds NOT present (clear),0b000,"Main (RT) method used, best result possible (no saturation)"
,Ne2,41.16487,-96.4701,2012-06-17,h10v04,2120.0,1770.0,10880000.0,0.0,0b00000000,0b0,Good quality (main algorithm with or without saturation),0b0,Terra,0b0,"Detectors apparently fine for up to 50% of channels 1, 2",0b00,Significant clouds NOT present (clear),0b000,"Main (RT) method used, best result possible (no saturation)"
,Ne2,41.16487,-96.4701,2012-06-17,h10v04,2120.0,1770.0,9530000.0,2.0,0b00000010,0b0,Good quality (main algorithm with or without saturation),0b1,Aqua,0b0,"Detectors apparently fine for up to 50% of channels 1, 2",0b00,Significant clouds NOT present (clear),0b000,"Main (RT) method used, best result possible (no saturation)"
,Ne2,41.16487,-96.4701,2012-06-25,h10v04,2120.0,1770.0,11850000.0,2.0,0b00000010,0b0,Good quality (main algorithm with or without saturation),0b1,Aqua,0b0,"Detectors apparently fine for up to 50% of channels 1, 2",0b00,Significant clouds NOT present (clear),0b000,"Main (RT) method used, best result possible (no saturation)"
,Ne2,41.16487,-96.4701,2012-06-25,h10v04,2120.0,1770.0,8060000.0,0.0,0b00000000,0b0,Good quality (main algorithm with or without saturation),0b0,Terra,0b0,"Detectors apparently fine for up to 50% of channels 1, 2",0b00,Significant clouds NOT present (clear),0b000,"Main (RT) method used, best result possible (no saturation)"
,Ne2,41.16487,-96.4701,2012-07-03,h10v04,2120.0,1770.0,12840000.0,0.0,0b00000000,0b0,Good quality (main algorithm with or without saturation),0b0,Terra,0b0,"Detectors apparently fine for up to 50% of channels 1, 2",0b00,Significant clouds NOT present (clear),0b000,"Main (RT) method used, best result possible (no saturation)"
,Ne2,41.16487,-96.4701,2012-07-03,h10v04,2120.0,1770.0,10970000.0,2.0,0b00000010,0b0,Good quality (main algorithm with or without saturation),0b1,Aqua,0b0,"Detectors apparently fine for up to 50% of channels 1, 2",0b00,Significant clouds NOT present (clear),0b000,"Main (RT) method used, best result possible (no saturation)"
,Ne2,41.16487,-96.4701,2012-07-11,h10v04,2120.0,1770.0,8550000.0,2.0,0b00000010,0b0,Good quality (main algorithm with or without saturation),0b1,Aqua,0b0,"Detectors apparently fine for up to 50% of channels 1, 2",0b00,Significant clouds NOT present (clear),0b000,"Main (RT) method used, best result possible (no saturation)"
,Ne2,41.16487,-96.4701,2012-07-11,h10v04,2120.0,1770.0,8220000.0,0.0,0b00000000,0b0,Good quality (main algorithm with or without saturation),0b0,Terra,0b0,"Detectors apparently fine for up to 50% of channels 1, 2",0b00,Significant clouds NOT present (clear),0b000,"Main (RT) method used, best result possible (no saturation)"
,Ne2,41.16487,-96.4701,2012-07-19,h10v04,2120.0,1770.0,3970000.0,0.0,0b00000000,0b0,Good quality (main algorithm with or without saturation),0b0,Terra,0b0,"Detectors apparently fine for up to 50% of channels 1, 2",0b00,Significant clouds NOT present (clear),0b000,"Main (RT) method used, best result possible (no saturation)"
,Ne2,41.16487,-96.4701,2012-07-19,h10v04,2120.0,1770.0,3810000.0,2.0,0b00000010,0b0,Good quality (main algorithm with or without saturation),0b1,Aqua,0b0,"Detectors apparently fine for up to 50% of channels 1, 2",0b00,Significant clouds NOT present (clear),0b000,"Main (RT) method used, best result possible (no saturation)"
,Ne2,41.16487,-96.4701,2012-07-27,h10v04,2120.0,1770.0,7600000.0,2.0,0b00000010,0b0,Good quality (main algorithm with or without saturation),0b1,Aqua,0b0,"Detectors apparently fine for up to 50% of channels 1, 2",0b00,Significant clouds NOT present (clear),0b000,"Main (RT) method used, best result possible (no saturation)"
,Ne2,41.16487,-96.4701,2012-07-27,h10v04,2120.0,1770.0,6330000.0,0.0,0b00000000,0b0,Good quality (main algorithm with or without saturation),0b0,Terra,0b0,"Detectors apparently fine for up to 50% of channels 1, 2",0b00,Significant clouds NOT present (clear),0b000,"Main (RT) method used, best result possible (no saturation)"
,Ne2,41.16487,-96.4701,2012-08-04,h10v04,2120.0,1770.0,7290000.0,2.0,0b00000010,0b0,Good quality (main algorithm with or without saturation),0b1,Aqua,0b0,"Detectors apparently fine for up to 50% of channels 1, 2",0b00,Significant clouds NOT present (clear),0b000,"Main (RT) method used, best result possible (no saturation)"
,Ne2,41.16487,-96.4701,2012-08-04,h10v04,2120.0,1770.0,6770000.0,0.0,0b00000000,0b0,Good quality (main algorithm with or without saturation),0b0,Terra,0b0,"Detectors apparently fine for up to 50% of channels 1, 2",0b00,Significant clouds NOT present (clear),0b000,"Main (RT) method used, best result possible (no saturation)"
,Ne2,41.16487,-96.4701,2012-08-12,h10v04,2120.0,1770.0,5160000.0,2.0,0b00000010,0b0,Good quality (main algorithm with or without saturation),0b1,Aqua,0b0,"Detectors apparently fine for up to 50% of channels 1, 2",0b00,Significant clouds NOT present (clear),0b000,"Main (RT) method used, best result possible (no saturation)"
,Ne2,41.16487,-96.4701,2012-08-12,h10v04,2120.0,1770.0,6450000.0,0.0,0b00000000,0b0,Good quality (main algorithm with or without saturation),0b0,Terra,0b0,"Detectors apparently fine for up to 50% of channels 1, 2",0b00,Significant clouds NOT present (clear),0b000,"Main (RT) method used, best result possible (no saturation)"
,Ne2,41.16487,-96.4701,2012-08-20,h10v04,2120.0,1770.0,5410000.0,0.0,0b00000000,0b0,Good quality (main algorithm with or without saturation),0b0,Terra,0b0,"Detectors apparently fine for up to 50% of channels 1, 2",0b00,Significant clouds NOT present (clear),0b000,"Main (RT) method used, best result possible (no saturation)"
,Ne2,41.16487,-96.4701,2012-08-20,h10v04,2120.0,1770.0,5410000.0,2.0,0b00000010,0b0,Good quality (main algorithm with or without saturation),0b1,Aqua,0b0,"Detectors apparently fine for up to 50% of channels 1, 2",0b00,Significant clouds NOT present (clear),0b000,"Main (RT) method used, best result possible (no saturation)"
,Ne2,41.16487,-96.4701,2012-08-28,h10v04,2120.0,1770.0,3550000.0,2.0,0b00000010,0b0,Good quality (main algorithm with or without saturation),0b1,Aqua,0b0,"Detectors apparently fine for up to 50% of channels 1, 2",0b00,Significant clouds NOT present (clear),0b000,"Main (RT) method used, best result possible (no saturation)"
,Ne2,41.16487,-96.4701,2012-08-28,h10v04,2120.0,1770.0,3890000.0,0.0,0b00000000,0b0,Good quality (main algorithm with or without saturation),0b0,Terra,0b0,"Detectors apparently fine for up to 50% of channels 1, 2",0b00,Significant clouds NOT present (clear),0b000,"Main (RT) method used, best result possible (no saturation)"
,Ne2,41.16487,-96.4701,2012-09-05,h10v04,2120.0,1770.0,1380000.0,2.0,0b00000010,0b0,Good quality (main algorithm with or without saturation),0b1,Aqua,0b0,"Detectors apparently fine for up to 50% of channels 1, 2",0b00,Significant clouds NOT present (clear),0b000,"Main (RT) method used, best result possible (no saturation)"
,Ne2,41.16487,-96.4701,2012-09-05,h10v04,2120.0,1770.0,2040000.0,0.0,0b00000000,0b0,Good quality (main algorithm with or without saturation),0b0,Terra,0b0,"Detectors apparently fine for up to 50% of channels 1, 2",0b00,Significant clouds NOT present (clear),0b000,"Main (RT) method used, best result possible (no saturation)"
,Ne2,41.16487,-96.4701,2012-09-13,h10v04,2120.0,1770.0,32765.0,18.0,0b00010010,0b0,Good quality (main algorithm with or without saturation),0b1,Aqua,0b0,"Detectors apparently fine for up to 50% of channels 1, 2",0b10,Mixed cloud present on pixel,0b000,"Main (RT) method used, best result possible (no saturation)"
,Ne2,41.16487,-96.4701,2012-09-13,h10v04,2120.0,1770.0,1340000.0,0.0,0b00000000,0b0,Good quality (main algorithm with or without saturation),0b0,Terra,0b0,"Detectors apparently fine for up to 50% of channels 1, 2",0b00,Significant clouds NOT present (clear),0b000,"Main (RT) method used, best result possible (no saturation)"
,Ne2,41.16487,-96.4701,2012-09-21,h10v04,2120.0,1770.0,1080000.0,0.0,0b00000000,0b0,Good quality (main algorithm with or without saturation),0b0,Terra,0b0,"Detectors apparently fine for up to 50% of channels 1, 2",0b00,Significant clouds NOT present (clear),0b000,"Main (RT) method used, best result possible (no saturation)"
,Ne2,41.16487,-96.4701,2012-09-21,h10v04,2120.0,1770.0,930000.0,2.0,0b00000010,0b0,Good quality (main algorithm with or without saturation),0b1,Aqua,0b0,"Detectors apparently fine for up to 50% of channels 1, 2",0b00,Significant clouds NOT present (clear),0b000,"Main (RT) method used, best result possible (no saturation)"
,Ne2,41.16487,-96.4701,2012-09-29,h10v04,2120.0,1770.0,32765.0,10.0,0b00001010,0b0,Good quality (main algorithm with or without saturation),0b1,Aqua,0b0,"Detectors apparently fine for up to 50% of channels 1, 2",0b01,Significant clouds WERE present,0b000,"Main (RT) method used, best result possible (no saturation)"
,Ne2,41.16487,-96.4701,2012-09-29,h10v04,2120.0,1770.0,1070000.0,0.0,0b00000000,0b0,Good quality (main algorithm with or without saturation),0b0,Terra,0b0,"Detectors apparently fine for up to 50% of channels 1, 2",0b00,Significant clouds NOT present (clear),0b000,"Main (RT) method used, best result possible (no saturation)"
,Ne2,41.16487,-96.4701,2012-10-07,h10v04,2120.0,1770.0,32765.0,18.0,0b00010010,0b0,Good quality (main algorithm with or without saturation),0b1,Aqua,0b0,"Detectors apparently fine for up to 50% of channels 1, 2",0b10,Mixed cloud present on pixel,0b000,"Main (RT) method used, best result possible (no saturation)"
,Ne2,41.16487,-96.4701,2012-10-07,h10v04,2120.0,1770.0,32765.0,8.0,0b00001000,0b0,Good quality (main algorithm with or without saturation),0b0,Terra,0b0,"Detectors apparently fine for up to 50% of channels 1, 2",0b01,Significant clouds WERE present,0b000,"Main (RT) method used, best result possible (no saturation)"
,Ne2,41.16487,-96.4701,2012-10-15,h10v04,2120.0,1770.0,32765.0,10.0,0b00001010,0b0,Good quality (main algorithm with or without saturation),0b1,Aqua,0b0,"Detectors apparently fine for up to 50% of channels 1, 2",0b01,Significant clouds WERE present,0b000,"Main (RT) method used, best result possible (no saturation)"
,Ne2,41.16487,-96.4701,2012-10-15,h10v04,2120.0,1770.0,32765.0,8.0,0b00001000,0b0,Good quality (main algorithm with or without saturation),0b0,Terra,0b0,"Detectors apparently fine for up to 50% of channels 1, 2",0b01,Significant clouds WERE present,0b000,"Main (RT) method used, best result possible (no saturation)"
,Ne2,41.16487,-96.4701,2012-10-23,h10v04,2120.0,1770.0,32765.0,18.0,0b00010010,0b0,Good quality (main algorithm with or without saturation),0b1,Aqua,0b0,"Detectors apparently fine for up to 50% of channels 1, 2",0b10,Mixed cloud present on pixel,0b000,"Main (RT) method used, best result possible (no saturation)"
,Ne2,41.16487,-96.4701,2012-10-23,h10v04,2120.0,1770.0,32765.0,8.0,0b00001000,0b0,Good quality (main algorithm with or without saturation),0b0,Terra,0b0,"Detectors apparently fine for up to 50% of channels 1, 2",0b01,Significant clouds WERE present,0b000,"Main (RT) method used, best result possible (no saturation)"
,Ne2,41.16487,-96.4701,2012-10-31,h10v04,2120.0,1770.0,32765.0,18.0,0b00010010,0b0,Good quality (main algorithm with or without saturation),0b1,Aqua,0b0,"Detectors apparently fine for up to 50% of channels 1, 2",0b10,Mixed cloud present on pixel,0b000,"Main (RT) method used, best result possible (no saturation)"
,Ne2,41.16487,-96.4701,2012-10-31,h10v04,2120.0,1770.0,32765.0,16.0,0b00010000,0b0,Good quality (main algorithm with or without saturation),0b0,Terra,0b0,"Detectors apparently fine for up to 50% of channels 1, 2",0b10,Mixed cloud present on pixel,0b000,"Main (RT) method used, best result possible (no saturation)"
,Ne2,41.16487,-96.4701,2012-11-08,h10v04,2120.0,1770.0,32765.0,18.0,0b00010010,0b0,Good quality (main algorithm with or without saturation),0b1,Aqua,0b0,"Detectors apparently fine for up to 50% of channels 1, 2",0b10,Mixed cloud present on pixel,0b000,"Main (RT) method used, best result possible (no saturation)"
,Ne2,41.16487,-96.4701,2012-11-08,h10v04,2120.0,1770.0,32765.0,16.0,0b00010000,0b0,Good quality (main algorithm with or without saturation),0b0,Terra,0b0,"Detectors apparently fine for up to 50% of channels 1, 2",0b10,Mixed cloud present on pixel,0b000,"Main (RT) method used, best result possible (no saturation)"
,Ne2,41.16487,-96.4701,2012-11-16,h10v04,2120.0,1770.0,32765.0,18.0,0b00010010,0b0,Good quality (main algorithm with or without saturation),0b1,Aqua,0b0,"Detectors apparently fine for up to 50% of channels 1, 2",0b10,Mixed cloud present on pixel,0b000,"Main (RT) method used, best result possible (no saturation)"
,Ne2,41.16487,-96.4701,2012-11-16,h10v04,2120.0,1770.0,1990000.0,0.0,0b00000000,0b0,Good quality (main algorithm with or without saturation),0b0,Terra,0b0,"Detectors apparently fine for up to 50% of channels 1, 2",0b00,Significant clouds NOT present (clear),0b000,"Main (RT) method used, best result possible (no saturation)"
,Ne2,41.16487,-96.4701,2012-11-24,h10v04,2120.0,1770.0,32765.0,8.0,0b00001000,0b0,Good quality (main algorithm with or without saturation),0b0,Terra,0b0,"Detectors apparently fine for up to 50% of channels 1, 2",0b01,Significant clouds WERE present,0b000,"Main (RT) method used, best result possible (no saturation)"
,Ne2,41.16487,-96.4701,2012-11-24,h10v04,2120.0,1770.0,32765.0,10.0,0b00001010,0b0,Good quality (main algorithm with or without saturation),0b1,Aqua,0b0,"Detectors apparently fine for up to 50% of channels 1, 2",0b01,Significant clouds WERE present,0b000,"Main (RT) method used, best result possible (no saturation)"
,Ne2,41.16487,-96.4701,2012-12-02,h10v04,2120.0,1770.0,32765.0,10.0,0b00001010,0b0,Good quality (main algorithm with or without saturation),0b1,Aqua,0b0,"Detectors apparently fine for up to 50% of channels 1, 2",0b01,Significant clouds WERE present,0b000,"Main (RT) method used, best result possible (no saturation)"
,Ne2,41.16487,-96.4701,2012-12-02,h10v04,2120.0,1770.0,1800000.0,0.0,0b00000000,0b0,Good quality (main algorithm with or without saturation),0b0,Terra,0b0,"Detectors apparently fine for up to 50% of channels 1, 2",0b00,Significant clouds NOT present (clear),0b000,"Main (RT) method used, best result possible (no saturation)"
,Ne2,41.16487,-96.4701,2012-12-10,h10v04,2120.0,1770.0,32765.0,10.0,0b00001010,0b0,Good quality (main algorithm with or without saturation),0b1,Aqua,0b0,"Detectors apparently fine for up to 50% of channels 1, 2",0b01,Significant clouds WERE present,0b000,"Main (RT) method used, best result possible (no saturation)"
,Ne2,41.16487,-96.4701,2012-12-10,h10v04,2120.0,1770.0,2260000.0,0.0,0b00000000,0b0,Good quality (main algorithm with or without saturation),0b0,Terra,0b0,"Detectors apparently fine for up to 50% of channels 1, 2",0b00,Significant clouds NOT present (clear),0b000,"Main (RT) method used, best result possible (no saturation)"
,Ne2,41.16487,-96.4701,2012-12-18,h10v04,2120.0,1770.0,32765.0,99.0,0b01100011,0b1,Other Quality (back-up algorithm or fill values),0b1,Aqua,0b0,"Detectors apparently fine for up to 50% of channels 1, 2",0b00,Significant clouds NOT present (clear),0b011,"Main (RT) method failed due to problems other than geometry, empirical algorithm used"
,Ne2,41.16487,-96.4701,2012-12-18,h10v04,2120.0,1770.0,1270000.0,0.0,0b00000000,0b0,Good quality (main algorithm with or without saturation),0b0,Terra,0b0,"Detectors apparently fine for up to 50% of channels 1, 2",0b00,Significant clouds NOT present (clear),0b000,"Main (RT) method used, best result possible (no saturation)"
,Ne2,41.16487,-96.4701,2012-12-26,h10v04,2120.0,1770.0,32765.0,99.0,0b01100011,0b1,Other Quality (back-up algorithm or fill values),0b1,Aqua,0b0,"Detectors apparently fine for up to 50% of channels 1, 2",0b00,Significant clouds NOT present (clear),0b011,"Main (RT) method failed due to problems other than geometry, empirical algorithm used"
,Ne2,41.16487,-96.4701,2012-12-26,h10v04,2120.0,1770.0,32765.0,97.0,0b01100001,0b1,Other Quality (back-up algorithm or fill values),0b0,Terra,0b0,"Detectors apparently fine for up to 50% of channels 1, 2",0b00,Significant clouds NOT present (clear),0b011,"Main (RT) method failed due to problems other than geometry, empirical algorithm used"
,Ne2,41.16487,-96.4701,2013-01-01,h10v04,2120.0,1770.0,32765.0,97.0,0b01100001,0b1,Other Quality (back-up algorithm or fill values),0b0,Terra,0b0,"Detectors apparently fine for up to 50% of channels 1, 2",0b00,Significant clouds NOT present (clear),0b011,"Main (RT) method failed due to problems other than geometry, empirical algorithm used"
,Ne2,41.16487,-96.4701,2013-01-01,h10v04,2120.0,1770.0,32765.0,99.0,0b01100011,0b1,Other Quality (back-up algorithm or fill values),0b1,Aqua,0b0,"Detectors apparently fine for up to 50% of channels 1, 2",0b00,Significant clouds NOT present (clear),0b011,"Main (RT) method failed due to problems other than geometry, empirical algorithm used"
