Category,ID,Latitude,Longitude,Date,MODIS_Tile,MOD16A2_006_Line_Y_500m,MOD16A2_006_Sample_X_500m,MOD16A2_006_LE_500m,MOD16A2_006_ET_QC_500m,MOD16A2_006_ET_QC_500m_bitmask,MOD16A2_006_ET_QC_500m_MODLAND,MOD16A2_006_ET_QC_500m_MODLAND_Description,MOD16A2_006_ET_QC_500m_Sensor,MOD16A2_006_ET_QC_500m_Sensor_Description,MOD16A2_006_ET_QC_500m_DeadDetector,MOD16A2_006_ET_QC_500m_DeadDetector_Description,MOD16A2_006_ET_QC_500m_CloudState,MOD16A2_006_ET_QC_500m_CloudState_Description,MOD16A2_006_ET_QC_500m_SCF_QC,MOD16A2_006_ET_QC_500m_SCF_QC_Description
,Ne1,41.16506,-96.47664,2010-12-27,h10v04,2120.0,1768.0,1620000.0,0.0,0b00000000,0b0,Good quality (main algorithm with or without saturation),0b0,Terra,0b0,"Detectors apparently fine for up to 50% of channels 1, 2",0b00,Significant clouds NOT present (clear),0b000,"Main (RT) method used, best result possible (no saturation)"
,Ne1,41.16506,-96.47664,2011-01-01,h10v04,2120.0,1768.0,1870000.0,0.0,0b00000000,0b0,Good quality (main algorithm with or without saturation),0b0,Terra,0b0,"Detectors apparently fine for up to 50% of channels 1, 2",0b00,Significant clouds NOT present (clear),0b000,"Main (RT) method used, best result possible (no saturation)"
,Ne1,41.16506,-96.47664,2011-01-09,h10v04,2120.0,1768.0,32765.0,105.0,0b01101001,0b1,Other Quality (back-up algorithm or fill values),0b0,Terra,0b0,"Detectors apparently fine for up to 50% of channels 1, 2",0b01,Significant clouds WERE present,0b011,"Main (RT) method failed due to problems other than geometry, empirical algorithm used"
,Ne1,41.16506,-96.47664,2011-01-17,h10v04,2120.0,1768.0,32765.0,105.0,0b01101001,0b1,Other Quality (back-up algorithm or fill values),0b0,Terra,0b0,"Detectors apparently fine for up to 50% of channels 1, 2",0b01,Significant clouds WERE present,0b011,"Main (RT) method failed due to problems other than geometry, empirical algorithm used"
,Ne1,41.16506,-96.47664,2011-01-25,h10v04,2120.0,1768.0,32765.0,97.0,0b01100001,0b1,Other Quality (back-up algorithm or fill values),0b0,Terra,0b0,"Detectors apparently fine for up to 50% of channels 1, 2",0b00,Significant clouds NOT present (clear),0b011,"Main (RT) method failed due to problems other than geometry, empirical algorithm used"
,Ne1,41.16506,-96.47664,2011-02-02,h10v04,2120.0,1768.0,32765.0,105.0,0b01101001,0b1,Other Quality (back-up algorithm or fill values),0b0,Terra,0b0,"Detectors apparently fine for up to 50% of channels 1, 2",0b01,Significant clouds WERE present,0b011,"Main (RT) method failed due to problems other than geometry, empirical algorithm used"
,Ne1,41.16506,-96.47664,2011-02-10,h10v04,2120.0,1768.0,32765.0,8.0,0b00001000,0b0,Good quality (main algorithm with or without saturation),0b0,Terra,0b0,"Detectors apparently fine for up to 50% of channels 1, 2",0b01,Significant clouds WERE present,0b000,"Main (RT) method used, best result possible (no saturation)"
,Ne1,41.16506,-96.47664,2011-02-18,h10v04,2120.0,1768.0,2680000.0,0.0,0b00000000,0b0,Good quality (main algorithm with or without saturation),0b0,Terra,0b0,"Detectors apparently fine for up to 50% of channels 1, 2",0b00,Significant clouds NOT present (clear),0b000,"Main (RT) method used, best result possible (no saturation)"
,Ne1,41.16506,-96.47664,2011-02-26,h10v04,2120.0,1768.0,2950000.0,0.0,0b00000000,0b0,Good quality (main algorithm with or without saturation),0b0,Terra,0b0,"Detectors apparently fine for up to 50% of channels 1, 2",0b00,Significant clouds NOT present (clear),0b000,"Main (RT) method used, best result possible (no saturation)"
,Ne1,41.16506,-96.47664,2011-03-06,h10v04,2120.0,1768.0,2610000.0,0.0,0b00000000,0b0,Good quality (main algorithm with or without saturation),0b0,Terra,0b0,"Detectors apparently fine for up to 50% of channels 1, 2",0b00,Significant clouds NOT present (clear),0b000,"Main (RT) method used, best result possible (no saturation)"
,Ne1,41.16506,-96.47664,2011-03-14,h10v04,2120.0,1768.0,32765.0,8.0,0b00001000,0b0,Good quality (main algorithm with or without saturation),0b0,Terra,0b0,"Detectors apparently fine for up to 50% of channels 1, 2",0b01,Significant clouds WERE present,0b000,"Main (RT) method used, best result possible (no saturation)"
,Ne1,41.16506,-96.47664,2011-03-22,h10v04,2120.0,1768.0,32765.0,8.0,0b00001000,0b0,Good quality (main algorithm with or without saturation),0b0,Terra,0b0,"Detectors apparently fine for up to 50% of channels 1, 2",0b01,Significant clouds WERE present,0b000,"Main (RT) method used, best result possible (no saturation)"
,Ne1,41.16506,-96.47664,2011-03-30,h10v04,2120.0,1768.0,2070000.0,0.0,0b00000000,0b0,Good quality (main algorithm with or without saturation),0b0,Terra,0b0,"Detectors apparently fine for up to 50% of channels 1, 2",0b00,Significant clouds NOT present (clear),0b000,"Main (RT) method used, best result possible (no saturation)"
,Ne1,41.16506,-96.47664,2011-04-07,h10v04,2120.0,1768.0,3120000.0,0.0,0b00000000,0b0,Good quality (main algorithm with or without saturation),0b0,Terra,0b0,"Detectors apparently fine for up to 50% of channels 1, 2",0b00,Significant clouds NOT present (clear),0b000,"Main (RT) method used, best result possible (no saturation)"
,Ne1,41.16506,-96.47664,2011-04-15,h10v04,2120.0,1768.0,3580000.0,0.0,0b00000000,0b0,Good quality (main algorithm with or without saturation),0b0,Terra,0b0,"Detectors apparently fine for up to 50% of channels 1, 2",0b00,Significant clouds NOT present (clear),0b000,"Main (RT) method used, best result possible (no saturation)"
,Ne1,41.16506,-96.47664,2011-04-23,h10v04,2120.0,1768.0,3070000.0,0.0,0b00000000,0b0,Good quality (main algorithm with or without saturation),0b0,Terra,0b0,"Detectors apparently fine for up to 50% of channels 1, 2",0b00,Significant clouds NOT present (clear),0b000,"Main (RT) method used, best result possible (no saturation)"
,Ne1,41.16506,-96.47664,2011-05-01,h10v04,2120.0,1768.0,32765.0,16.0,0b00010000,0b0,Good quality (main algorithm with or without saturation),0b0,Terra,0b0,"Detectors apparently fine for up to 50% of channels 1, 2",0b10,Mixed cloud present on pixel,0b000,"Main (RT) method used, best result possible (no saturation)"
,Ne1,41.16506,-96.47664,2011-05-09,h10v04,2120.0,1768.0,3140000.0,0.0,0b00000000,0b0,Good quality (main algorithm with or without saturation),0b0,Terra,0b0,"Detectors apparently fine for up to 50% of channels 1, 2",0b00,Significant clouds NOT present (clear),0b000,"Main (RT) method used, best result possible (no saturation)"
,Ne1,41.16506,-96.47664,2011-05-17,h10v04,2120.0,1768.0,3530000.0,0.0,0b00000000,0b0,Good quality (main algorithm with or without saturation),0b0,Terra,0b0,"Detectors apparently fine for up to 50% of channels 1, 2",0b00,Significant clouds NOT present (clear),0b000,"Main (RT) method used, best result possible (no saturation)"
,Ne1,41.16506,-96.47664,2011-05-25,h10v04,2120.0,1768.0,3450000.0,0.0,0b00000000,0b0,Good quality (main algorithm with or without saturation),0b0,Terra,0b0,"Detectors apparently fine for up to 50% of channels 1, 2",0b00,Significant clouds NOT present (clear),0b000,"Main (RT) method used, best result possible (no saturation)"
,Ne1,41.16506,-96.47664,2011-06-02,h10v04,2120.0,1768.0,3480000.0,0.0,0b00000000,0b0,Good quality (main algorithm with or without saturation),0b0,Terra,0b0,"Detectors apparently fine for up to 50% of channels 1, 2",0b00,Significant clouds NOT present (clear),0b000,"Main (RT) method used, best result possible (no saturation)"
,Ne1,41.16506,-96.47664,2011-06-10,h10v04,2120.0,1768.0,32765.0,8.0,0b00001000,0b0,Good quality (main algorithm with or without saturation),0b0,Terra,0b0,"Detectors apparently fine for up to 50% of channels 1, 2",0b01,Significant clouds WERE present,0b000,"Main (RT) method used, best result possible (no saturation)"
,Ne1,41.16506,-96.47664,2011-06-18,h10v04,2120.0,1768.0,32765.0,16.0,0b00010000,0b0,Good quality (main algorithm with or without saturation),0b0,Terra,0b0,"Detectors apparently fine for up to 50% of channels 1, 2",0b10,Mixed cloud present on pixel,0b000,"Main (RT) method used, best result possible (no saturation)"
,Ne1,41.16506,-96.47664,2011-06-26,h10v04,2120.0,1768.0,6670000.0,0.0,0b00000000,0b0,Good quality (main algorithm with or without saturation),0b0,Terra,0b0,"Detectors apparently fine for up to 50% of channels 1, 2",0b00,Significant clouds NOT present (clear),0b000,"Main (RT) method used, best result possible (no saturation)"
,Ne1,41.16506,-96.47664,2011-07-04,h10v04,2120.0,1768.0,8560000.0,0.0,0b00000000,0b0,Good quality (main algorithm with or without saturation),0b0,Terra,0b0,"Detectors apparently fine for up to 50% of channels 1, 2",0b00,Significant clouds NOT present (clear),0b000,"Main (RT) method used, best result possible (no saturation)"
,Ne1,41.16506,-96.47664,2011-07-12,h10v04,2120.0,1768.0,10520000.0,0.0,0b00000000,0b0,Good quality (main algorithm with or without saturation),0b0,Terra,0b0,"Detectors apparently fine for up to 50% of channels 1, 2",0b00,Significant clouds NOT present (clear),0b000,"Main (RT) method used, best result possible (no saturation)"
,Ne1,41.16506,-96.47664,2011-07-20,h10v04,2120.0,1768.0,10600000.0,0.0,0b00000000,0b0,Good quality (main algorithm with or without saturation),0b0,Terra,0b0,"Detectors apparently fine for up to 50% of channels 1, 2",0b00,Significant clouds NOT present (clear),0b000,"Main (RT) method used, best result possible (no saturation)"
,Ne1,41.16506,-96.47664,2011-07-28,h10v04,2120.0,1768.0,8810000.0,0.0,0b00000000,0b0,Good quality (main algorithm with or without saturation),0b0,Terra,0b0,"Detectors apparently fine for up to 50% of channels 1, 2",0b00,Significant clouds NOT present (clear),0b000,"Main (RT) method used, best result possible (no saturation)"
,Ne1,41.16506,-96.47664,2011-08-05,h10v04,2120.0,1768.0,11080000.0,0.0,0b00000000,0b0,Good quality (main algorithm with or without saturation),0b0,Terra,0b0,"Detectors apparently fine for up to 50% of channels 1, 2",0b00,Significant clouds NOT present (clear),0b000,"Main (RT) method used, best result possible (no saturation)"
,Ne1,41.16506,-96.47664,2011-08-13,h10v04,2120.0,1768.0,11630000.0,0.0,0b00000000,0b0,Good quality (main algorithm with or without saturation),0b0,Terra,0b0,"Detectors apparently fine for up to 50% of channels 1, 2",0b00,Significant clouds NOT present (clear),0b000,"Main (RT) method used, best result possible (no saturation)"
,Ne1,41.16506,-96.47664,2011-08-21,h10v04,2120.0,1768.0,9840000.0,0.0,0b00000000,0b0,Good quality (main algorithm with or without saturation),0b0,Terra,0b0,"Detectors apparently fine for up to 50% of channels 1, 2",0b00,Significant clouds NOT present (clear),0b000,"Main (RT) method used, best result possible (no saturation)"
,Ne1,41.16506,-96.47664,2011-08-29,h10v04,2120.0,1768.0,6710000.0,0.0,0b00000000,0b0,Good quality (main algorithm with or without saturation),0b0,Terra,0b0,"Detectors apparently fine for up to 50% of channels 1, 2",0b00,Significant clouds NOT present (clear),0b000,"Main (RT) method used, best result possible (no saturation)"
,Ne1,41.16506,-96.47664,2011-09-06,h10v04,2120.0,1768.0,7340000.0,0.0,0b00000000,0b0,Good quality (main algorithm with or without saturation),0b0,Terra,0b0,"Detectors apparently fine for up to 50% of channels 1, 2",0b00,Significant clouds NOT present (clear),0b000,"Main (RT) method used, best result possible (no saturation)"
,Ne1,41.16506,-96.47664,2011-09-14,h10v04,2120.0,1768.0,4270000.0,0.0,0b00000000,0b0,Good quality (main algorithm with or without saturation),0b0,Terra,0b0,"Detectors apparently fine for up to 50% of channels 1, 2",0b00,Significant clouds NOT present (clear),0b000,"Main (RT) method used, best result possible (no saturation)"
,Ne1,41.16506,-96.47664,2011-09-22,h10v04,2120.0,1768.0,3520000.0,0.0,0b00000000,0b0,Good quality (main algorithm with or without saturation),0b0,Terra,0b0,"Detectors apparently fine for up to 50% of channels 1, 2",0b00,Significant clouds NOT present (clear),0b000,"Main (RT) method used, best result possible (no saturation)"
,Ne1,41.16506,-96.47664,2011-09-30,h10v04,2120.0,1768.0,2540000.0,0.0,0b00000000,0b0,Good quality (main algorithm with or without saturation),0b0,Terra,0b0,"Detectors apparently fine for up to 50% of channels 1, 2",0b00,Significant clouds NOT present (clear),0b000,"Main (RT) method used, best result possible (no saturation)"
,Ne1,41.16506,-96.47664,2011-10-08,h10v04,2120.0,1768.0,1600000.0,0.0,0b00000000,0b0,Good quality (main algorithm with or without saturation),0b0,Terra,0b0,"Detectors apparently fine for up to 50% of channels 1, 2",0b00,Significant clouds NOT present (clear),0b000,"Main (RT) method used, best result possible (no saturation)"
,Ne1,41.16506,-96.47664,2011-10-16,h10v04,2120.0,1768.0,1460000.0,0.0,0b00000000,0b0,Good quality (main algorithm with or without saturation),0b0,Terra,0b0,"Detectors apparently fine for up to 50% of channels 1, 2",0b00,Significant clouds NOT present (clear),0b000,"Main (RT) method used, best result possible (no saturation)"
,Ne1,41.16506,-96.47664,2011-10-24,h10v04,2120.0,1768.0,1080000.0,0.0,0b00000000,0b0,Good quality (main algorithm with or without saturation),0b0,Terra,0b0,"Detectors apparently fine for up to 50% of channels 1, 2",0b00,Significant clouds NOT present (clear),0b000,"Main (RT) method used, best result possible (no saturation)"
,Ne1,41.16506,-96.47664,2011-11-01,h10v04,2120.0,1768.0,32765.0,8.0,0b00001000,0b0,Good quality (main algorithm with or without saturation),0b0,Terra,0b0,"Detectors apparently fine for up to 50% of channels 1, 2",0b01,Significant clouds WERE present,0b000,"Main (RT) method used, best result possible (no saturation)"
,Ne1,41.16506,-96.47664,2011-11-09,h10v04,2120.0,1768.0,32765.0,8.0,0b00001000,0b0,Good quality (main algorithm with or without saturation),0b0,Terra,0b0,"Detectors apparently fine for up to 50% of channels 1, 2",0b01,Significant clouds WERE present,0b000,"Main (RT) method used, best result possible (no saturation)"
,Ne1,41.16506,-96.47664,2011-11-17,h10v04,2120.0,1768.0,1550000.0,0.0,0b00000000,0b0,Good quality (main algorithm with or without saturation),0b0,Terra,0b0,"Detectors apparently fine for up to 50% of channels 1, 2",0b00,Significant clouds NOT present (clear),0b000,"Main (RT) method used, best result possible (no saturation)"
,Ne1,41.16506,-96.47664,2011-11-25,h10v04,2120.0,1768.0,1880000.0,0.0,0b00000000,0b0,Good quality (main algorithm with or without saturation),0b0,Terra,0b0,"Detectors apparently fine for up to 50% of channels 1, 2",0b00,Significant clouds NOT present (clear),0b000,"Main (RT) method used, best result possible (no saturation)"
,Ne1,41.16506,-96.47664,2011-12-03,h10v04,2120.0,1768.0,32765.0,105.0,0b01101001,0b1,Other Quality (back-up algorithm or fill values),0b0,Terra,0b0,"Detectors apparently fine for up to 50% of channels 1, 2",0b01,Significant clouds WERE present,0b011,"Main (RT) method failed due to problems other than geometry, empirical algorithm used"
,Ne1,41.16506,-96.47664,2011-12-11,h10v04,2120.0,1768.0,1730000.0,0.0,0b00000000,0b0,Good quality (main algorithm with or without saturation),0b0,Terra,0b0,"Detectors apparently fine for up to 50% of channels 1, 2",0b00,Significant clouds NOT present (clear),0b000,"Main (RT) method used, best result possible (no saturation)"
,Ne1,41.16506,-96.47664,2011-12-19,h10v04,2120.0,1768.0,2100000.0,0.0,0b00000000,0b0,Good quality (main algorithm with or without saturation),0b0,Terra,0b0,"Detectors apparently fine for up to 50% of channels 1, 2",0b00,Significant clouds NOT present (clear),0b000,"Main (RT) method used, best result possible (no saturation)"
,Ne1,41.16506,-96.47664,2011-12-27,h10v04,2120.0,1768.0,32765.0,16.0,0b00010000,0b0,Good quality (main algorithm with or without saturation),0b0,Terra,0b0,"Detectors apparently fine for up to 50% of channels 1, 2",0b10,Mixed cloud present on pixel,0b000,"Main (RT) method used, best result possible (no saturation)"
,Ne1,41.16506,-96.47664,2012-01-01,h10v04,2120.0,1768.0,2150000.0,0.0,0b00000000,0b0,Good quality (main algorithm with or without saturation),0b0,Terra,0b0,"Detectors apparently fine for up to 50% of channels 1, 2",0b00,Significant clouds NOT present (clear),0b000,"Main (RT) method used, best result possible (no saturation)"
,Ne1,41.16506,-96.47664,2012-01-09,h10v04,2120.0,1768.0,2210000.0,0.0,0b00000000,0b0,Good quality (main algorithm with or without saturation),0b0,Terra,0b0,"Detectors apparently fine for up to 50% of channels 1, 2",0b00,Significant clouds NOT present (clear),0b000,"Main (RT) method used, best result possible (no saturation)"
,Ne1,41.16506,-96.47664,2012-01-17,h10v04,2120.0,1768.0,2180000.0,0.0,0b00000000,0b0,Good quality (main algorithm with or without saturation),0b0,Terra,0b0,"Detectors apparently fine for up to 50% of channels 1, 2",0b00,Significant clouds NOT present (clear),0b000,"Main (RT) method used, best result possible (no saturation)"
,Ne1,41.16506,-96.47664,2012-01-25,h10v04,2120.0,1768.0,2350000.0,0.0,0b00000000,0b0,Good quality (main algorithm with or without saturation),0b0,Terra,0b0,"Detectors apparently fine for up to 50% of channels 1, 2",0b00,Significant clouds NOT present (clear),0b000,"Main (RT) method used, best result possible (no saturation)"
,Ne1,41.16506,-96.47664,2012-02-02,h10v04,2120.0,1768.0,32765.0,105.0,0b01101001,0b1,Other Quality (back-up algorithm or fill values),0b0,Terra,0b0,"Detectors apparently fine for up to 50% of channels 1, 2",0b01,Significant clouds WERE present,0b011,"Main (RT) method failed due to problems other than geometry, empirical algorithm used"
,Ne1,41.16506,-96.47664,2012-02-10,h10v04,2120.0,1768.0,32765.0,97.0,0b01100001,0b1,Other Quality (back-up algorithm or fill values),0b0,Terra,0b0,"Detectors apparently fine for up to 50% of channels 1, 2",0b00,Significant clouds NOT present (clear),0b011,"Main (RT) method failed due to problems other than geometry, empirical algorithm used"
,Ne1,41.16506,-96.47664,2012-02-18,h10v04,2120.0,1768.0,32765.0,8.0,0b00001000,0b0,Good quality (main algorithm with or without saturation),0b0,Terra,0b0,"Detectors apparently fine for up to 50% of channels 1, 2",0b01,Significant clouds WERE present,0b000,"Main (RT) method used, best result possible (no saturation)"
,Ne1,41.16506,-96.47664,2012-02-26,h10v04,2120.0,1768.0,2430000.0,0.0,0b00000000,0b0,Good quality (main algorithm with or without saturation),0b0,Terra,0b0,"Detectors apparently fine for up to 50% of channels 1, 2",0b00,Significant clouds NOT present (clear),0b000,"Main (RT) method used, best result possible (no saturation)"
,Ne1,41.16506,-96.47664,2012-03-05,h10v04,2120.0,1768.0,32765.0,16.0,0b00010000,0b0,Good quality (main algorithm with or without saturation),0b0,Terra,0b0,"Detectors apparently fine for up to 50% of channels 1, 2",0b10,Mixed cloud present on pixel,0b000,"Main (RT) method used, best result possible (no saturation)"
,Ne1,41.16506,-96.47664,2012-03-13,h10v04,2120.0,1768.0,1970000.0,0.0,0b00000000,0b0,Good quality (main algorithm with or without saturation),0b0,Terra,0b0,"Detectors apparently fine for up to 50% of channels 1, 2",0b00,Significant clouds NOT present (clear),0b000,"Main (RT) method used, best result possible (no saturation)"
,Ne1,41.16506,-96.47664,2012-03-21,h10v04,2120.0,1768.0,2030000.0,0.0,0b00000000,0b0,Good quality (main algorithm with or without saturation),0b0,Terra,0b0,"Detectors apparently fine for up to 50% of channels 1, 2",0b00,Significant clouds NOT present (clear),0b000,"Main (RT) method used, best result possible (no saturation)"
,Ne1,41.16506,-96.47664,2012-03-29,h10v04,2120.0,1768.0,2480000.0,0.0,0b00000000,0b0,Good quality (main algorithm with or without saturation),0b0,Terra,0b0,"Detectors apparently fine for up to 50% of channels 1, 2",0b00,Significant clouds NOT present (clear),0b000,"Main (RT) method used, best result possible (no saturation)"
,Ne1,41.16506,-96.47664,2012-04-06,h10v04,2120.0,1768.0,1490000.0,0.0,0b00000000,0b0,Good quality (main algorithm with or without saturation),0b0,Terra,0b0,"Detectors apparently fine for up to 50% of channels 1, 2",0b00,Significant clouds NOT present (clear),0b000,"Main (RT) method used, best result possible (no saturation)"
,Ne1,41.16506,-96.47664,2012-04-14,h10v04,2120.0,1768.0,2820000.0,0.0,0b00000000,0b0,Good quality (main algorithm with or without saturation),0b0,Terra,0b0,"Detectors apparently fine for up to 50% of channels 1, 2",0b00,Significant clouds NOT present (clear),0b000,"Main (RT) method used, best result possible (no saturation)"
,Ne1,41.16506,-96.47664,2012-04-22,h10v04,2120.0,1768.0,2840000.0,0.0,0b00000000,0b0,Good quality (main algorithm with or without saturation),0b0,Terra,0b0,"Detectors apparently fine for up to 50% of channels 1, 2",0b00,Significant clouds NOT present (clear),0b000,"Main (RT) method used, best result possible (no saturation)"
,Ne1,41.16506,-96.47664,2012-04-30,h10v04,2120.0,1768.0,4210000.0,0.0,0b00000000,0b0,Good quality (main algorithm with or without saturation),0b0,Terra,0b0,"Detectors apparently fine for up to 50% of channels 1, 2",0b00,Significant clouds NOT present (clear),0b000,"Main (RT) method used, best result possible (no saturation)"
,Ne1,41.16506,-96.47664,2012-05-08,h10v04,2120.0,1768.0,1980000.0,0.0,0b00000000,0b0,Good quality (main algorithm with or without saturation),0b0,Terra,0b0,"Detectors apparently fine for up to 50% of channels 1, 2",0b00,Significant clouds NOT present (clear),0b000,"Main (RT) method used, best result possible (no saturation)"
,Ne1,41.16506,-96.47664,2012-05-16,h10v04,2120.0,1768.0,32765.0,8.0,0b00001000,0b0,Good quality (main algorithm with or without saturation),0b0,Terra,0b0,"Detectors apparently fine for up to 50% of channels 1, 2",0b01,Significant clouds WERE present,0b000,"Main (RT) method used, best result possible (no saturation)"
,Ne1,41.16506,-96.47664,2012-05-24,h10v04,2120.0,1768.0,3430000.0,0.0,0b00000000,0b0,Good quality (main algorithm with or without saturation),0b0,Terra,0b0,"Detectors apparently fine for up to 50% of channels 1, 2",0b00,Significant clouds NOT present (clear),0b000,"Main (RT) method used, best result possible (no saturation)"
,Ne1,41.16506,-96.47664,2012-06-01,h10v04,2120.0,1768.0,32765.0,16.0,0b00010000,0b0,Good quality (main algorithm with or without saturation),0b0,Terra,0b0,"Detectors apparently fine for up to 50% of channels 1, 2",0b10,Mixed cloud present on pixel,0b000,"Main (RT) method used, best result possible (no saturation)"
,Ne1,41.16506,-96.47664,2012-06-09,h10v04,2120.0,1768.0,5870000.0,0.0,0b00000000,0b0,Good quality (main algorithm with or without saturation),0b0,Terra,0b0,"Detectors apparently fine for up to 50% of channels 1, 2",0b00,Significant clouds NOT present (clear),0b000,"Main (RT) method used, best result possible (no saturation)"
,Ne1,41.16506,-96.47664,2012-06-17,h10v04,2120.0,1768.0,12800000.0,0.0,0b00000000,0b0,Good quality (main algorithm with or without saturation),0b0,Terra,0b0,"Detectors apparently fine for up to 50% of channels 1, 2",0b00,Significant clouds NOT present (clear),0b000,"Main (RT) method used, best result possible (no saturation)"
,Ne1,41.16506,-96.47664,2012-06-25,h10v04,2120.0,1768.0,9190000.0,0.0,0b00000000,0b0,Good quality (main algorithm with or without saturation),0b0,Terra,0b0,"Detectors apparently fine for up to 50% of channels 1, 2",0b00,Significant clouds NOT present (clear),0b000,"Main (RT) method used, best result possible (no saturation)"
,Ne1,41.16506,-96.47664,2012-07-03,h10v04,2120.0,1768.0,9290000.0,0.0,0b00000000,0b0,Good quality (main algorithm with or without saturation),0b0,Terra,0b0,"Detectors apparently fine for up to 50% of channels 1, 2",0b00,Significant clouds NOT present (clear),0b000,"Main (RT) method used, best result possible (no saturation)"
,Ne1,41.16506,-96.47664,2012-07-11,h10v04,2120.0,1768.0,9530000.0,0.0,0b00000000,0b0,Good quality (main algorithm with or without saturation),0b0,Terra,0b0,"Detectors apparently fine for up to 50% of channels 1, 2",0b00,Significant clouds NOT present (clear),0b000,"Main (RT) method used, best result possible (no saturation)"
,Ne1,41.16506,-96.47664,2012-07-19,h10v04,2120.0,1768.0,3140000.0,0.0,0b00000000,0b0,Good quality (main algorithm with or without saturation),0b0,Terra,0b0,"Detectors apparently fine for up to 50% of channels 1, 2",0b00,Significant clouds NOT present (clear),0b000,"Main (RT) method used, best result possible (no saturation)"
,Ne1,41.16506,-96.47664,2012-07-27,h10v04,2120.0,1768.0,7070000.0,0.0,0b00000000,0b0,Good quality (main algorithm with or without saturation),0b0,Terra,0b0,"Detectors apparently fine for up to 50% of channels 1, 2",0b00,Significant clouds NOT present (clear),0b000,"Main (RT) method used, best result possible (no saturation)"
,Ne1,41.16506,-96.47664,2012-08-04,h10v04,2120.0,1768.0,6140000.0,0.0,0b00000000,0b0,Good quality (main algorithm with or without saturation),0b0,Terra,0b0,"Detectors apparently fine for up to 50% of channels 1, 2",0b00,Significant clouds NOT present (clear),0b000,"Main (RT) method used, best result possible (no saturation)"
,Ne1,41.16506,-96.47664,2012-08-12,h10v04,2120.0,1768.0,5960000.0,0.0,0b00000000,0b0,Good quality (main algorithm with or without saturation),0b0,Terra,0b0,"Detectors apparently fine for up to 50% of channels 1, 2",0b00,Significant clouds NOT present (clear),0b000,"Main (RT) method used, best result possible (no saturation)"
,Ne1,41.16506,-96.47664,2012-08-20,h10v04,2120.0,1768.0,5770000.0,0.0,0b00000000,0b0,Good quality (main algorithm with or without saturation),0b0,Terra,0b0,"Detectors apparently fine for up to 50% of channels 1, 2",0b00,Significant clouds NOT present (clear),0b000,"Main (RT) method used, best result possible (no saturation)"
,Ne1,41.16506,-96.47664,2012-08-28,h10v04,2120.0,1768.0,3040000.0,0.0,0b00000000,0b0,Good quality (main algorithm with or without saturation),0b0,Terra,0b0,"Detectors apparently fine for up to 50% of channels 1, 2",0b00,Significant clouds NOT present (clear),0b000,"Main (RT) method used, best result possible (no saturation)"
,Ne1,41.16506,-96.47664,2012-09-05,h10v04,2120.0,1768.0,1340000.0,0.0,0b00000000,0b0,Good quality (main algorithm with or without saturation),0b0,Terra,0b0,"Detectors apparently fine for up to 50% of channels 1, 2",0b00,Significant clouds NOT present (clear),0b000,"Main (RT) method used, best result possible (no saturation)"
,Ne1,41.16506,-96.47664,2012-09-13,h10v04,2120.0,1768.0,1510000.0,0.0,0b00000000,0b0,Good quality (main algorithm with or without saturation),0b0,Terra,0b0,"Detectors apparently fine for up to 50% of channels 1, 2",0b00,Significant clouds NOT present (clear),0b000,"Main (RT) method used, best result possible (no saturation)"
,Ne1,41.16506,-96.47664,2012-09-21,h10v04,2120.0,1768.0,1250000.0,0.0,0b00000000,0b0,Good quality (main algorithm with or without saturation),0b0,Terra,0b0,"Detectors apparently fine for up to 50% of channels 1, 2",0b00,Significant clouds NOT present (clear),0b000,"Main (RT) method used, best result possible (no saturation)"
,Ne1,41.16506,-96.47664,2012-09-29,h10v04,2120.0,1768.0,1170000.0,0.0,0b00000000,0b0,Good quality (main algorithm with or without saturation),0b0,Terra,0b0,"Detectors apparently fine for up to 50% of channels 1, 2",0b00,Significant clouds NOT present (clear),0b000,"Main (RT) method used, best result possible (no saturation)"
,Ne1,41.16506,-96.47664,2012-10-07,h10v04,2120.0,1768.0,32765.0,16.0,0b00010000,0b0,Good quality (main algorithm with or without saturation),0b0,Terra,0b0,"Detectors apparently fine for up to 50% of channels 1, 2",0b10,Mixed cloud present on pixel,0b000,"Main (RT) method used, best result possible (no saturation)"
,Ne1,41.16506,-96.47664,2012-10-15,h10v04,2120.0,1768.0,32765.0,8.0,0b00001000,0b0,Good quality (main algorithm with or without saturation),0b0,Terra,0b0,"Detectors apparently fine for up to 50% of channels 1, 2",0b01,Significant clouds WERE present,0b000,"Main (RT) method used, best result possible (no saturation)"
,Ne1,41.16506,-96.47664,2012-10-23,h10v04,2120.0,1768.0,32765.0,16.0,0b00010000,0b0,Good quality (main algorithm with or without saturation),0b0,Terra,0b0,"Detectors apparently fine for up to 50% of channels 1, 2",0b10,Mixed cloud present on pixel,0b000,"Main (RT) method used, best result possible (no saturation)"
,Ne1,41.16506,-96.47664,2012-10-31,h10v04,2120.0,1768.0,1670000.0,0.0,0b00000000,0b0,Good quality (main algorithm with or without saturation),0b0,Terra,0b0,"Detectors apparently fine for up to 50% of channels 1, 2",0b00,Significant clouds NOT present (clear),0b000,"Main (RT) method used, best result possible (no saturation)"
,Ne1,41.16506,-96.47664,2012-11-08,h10v04,2120.0,1768.0,32765.0,16.0,0b00010000,0b0,Good quality (main algorithm with or without saturation),0b0,Terra,0b0,"Detectors apparently fine for up to 50% of channels 1, 2",0b10,Mixed cloud present on pixel,0b000,"Main (RT) method used, best result possible (no saturation)"
,Ne1,41.16506,-96.47664,2012-11-16,h10v04,2120.0,1768.0,1640000.0,0.0,0b00000000,0b0,Good quality (main algorithm with or without saturation),0b0,Terra,0b0,"Detectors apparently fine for up to 50% of channels 1, 2",0b00,Significant clouds NOT present (clear),0b000,"Main (RT) method used, best result possible (no saturation)"
,Ne1,41.16506,-96.47664,2012-11-24,h10v04,2120.0,1768.0,32765.0,16.0,0b00010000,0b0,Good quality (main algorithm with or without saturation),0b0,Terra,0b0,"Detectors apparently fine for up to 50% of channels 1, 2",0b10,Mixed cloud present on pixel,0b000,"Main (RT) method used, best result possible (no saturation)"
,Ne1,41.16506,-96.47664,2012-12-02,h10v04,2120.0,1768.0,1620000.0,0.0,0b00000000,0b0,Good quality (main algorithm with or without saturation),0b0,Terra,0b0,"Detectors apparently fine for up to 50% of channels 1, 2",0b00,Significant clouds NOT present (clear),0b000,"Main (RT) method used, best result possible (no saturation)"
,Ne1,41.16506,-96.47664,2012-12-10,h10v04,2120.0,1768.0,32765.0,16.0,0b00010000,0b0,Good quality (main algorithm with or without saturation),0b0,Terra,0b0,"Detectors apparently fine for up to 50% of channels 1, 2",0b10,Mixed cloud present on pixel,0b000,"Main (RT) method used, best result possible (no saturation)"
,Ne1,41.16506,-96.47664,2012-12-18,h10v04,2120.0,1768.0,1270000.0,0.0,0b00000000,0b0,Good quality (main algorithm with or without saturation),0b0,Terra,0b0,"Detectors apparently fine for up to 50% of channels 1, 2",0b00,Significant clouds NOT present (clear),0b000,"Main (RT) method used, best result possible (no saturation)"
,Ne1,41.16506,-96.47664,2012-12-26,h10v04,2120.0,1768.0,32765.0,97.0,0b01100001,0b1,Other Quality (back-up algorithm or fill values),0b0,Terra,0b0,"Detectors apparently fine for up to 50% of channels 1, 2",0b00,Significant clouds NOT present (clear),0b011,"Main (RT) method failed due to problems other than geometry, empirical algorithm used"
,Ne1,41.16506,-96.47664,2013-01-01,h10v04,2120.0,1768.0,32765.0,97.0,0b01100001,0b1,Other Quality (back-up algorithm or fill values),0b0,Terra,0b0,"Detectors apparently fine for up to 50% of channels 1, 2",0b00,Significant clouds NOT present (clear),0b011,"Main (RT) method failed due to problems other than geometry, empirical algorithm used"
,Ne2,41.16487,-96.4701,2010-12-27,h10v04,2120.0,1770.0,32765.0,8.0,0b00001000,0b0,Good quality (main algorithm with or without saturation),0b0,Terra,0b0,"Detectors apparently fine for up to 50% of channels 1, 2",0b01,Significant clouds WERE present,0b000,"Main (RT) method used, best result possible (no saturation)"
,Ne2,41.16487,-96.4701,2011-01-01,h10v04,2120.0,1770.0,32765.0,8.0,0b00001000,0b0,Good quality (main algorithm with or without saturation),0b0,Terra,0b0,"Detectors apparently fine for up to 50% of channels 1, 2",0b01,Significant clouds WERE present,0b000,"Main (RT) method used, best result possible (no saturation)"
,Ne2,41.16487,-96.4701,2011-01-09,h10v04,2120.0,1770.0,32765.0,105.0,0b01101001,0b1,Other Quality (back-up algorithm or fill values),0b0,Terra,0b0,"Detectors apparently fine for up to 50% of channels 1, 2",0b01,Significant clouds WERE present,0b011,"Main (RT) method failed due to problems other than geometry, empirical algorithm used"
,Ne2,41.16487,-96.4701,2011-01-17,h10v04,2120.0,1770.0,32765.0,105.0,0b01101001,0b1,Other Quality (back-up algorithm or fill values),0b0,Terra,0b0,"Detectors apparently fine for up to 50% of channels 1, 2",0b01,Significant clouds WERE present,0b011,"Main (RT) method failed due to problems other than geometry, empirical algorithm used"
,Ne2,41.16487,-96.4701,2011-01-25,h10v04,2120.0,1770.0,32765.0,97.0,0b01100001,0b1,Other Quality (back-up algorithm or fill values),0b0,Terra,0b0,"Detectors apparently fine for up to 50% of channels 1, 2",0b00,Significant clouds NOT present (clear),0b011,"Main (RT) method failed due to problems other than geometry, empirical algorithm used"
,Ne2,41.16487,-96.4701,2011-02-02,h10v04,2120.0,1770.0,32765.0,105.0,0b01101001,0b1,Other Quality (back-up algorithm or fill values),0b0,Terra,0b0,"Detectors apparently fine for up to 50% of channels 1, 2",0b01,Significant clouds WERE present,0b011,"Main (RT) method failed due to problems other than geometry, empirical algorithm used"
,Ne2,41.16487,-96.4701,2011-02-10,h10v04,2120.0,1770.0,32765.0,8.0,0b00001000,0b0,Good quality (main algorithm with or without saturation),0b0,Terra,0b0,"Detectors apparently fine for up to 50% of channels 1, 2",0b01,Significant clouds WERE present,0b000,"Main (RT) method used, best result possible (no saturation)"
,Ne2,41.16487,-96.4701,2011-02-18,h10v04,2120.0,1770.0,2680000.0,0.0,0b00000000,0b0,Good quality (main algorithm with or without saturation),0b0,Terra,0b0,"Detectors apparently fine for up to 50% of channels 1, 2",0b00,Significant clouds NOT present (clear),0b000,"Main (RT) method used, best result possible (no saturation)"
,Ne2,41.16487,-96.4701,2011-02-26,h10v04,2120.0,1770.0,3180000.0,0.0,0b00000000,0b0,Good quality (main algorithm with or without saturation),0b0,Terra,0b0,"Detectors apparently fine for up to 50% of channels 1, 2",0b00,Significant clouds NOT present (clear),0b000,"Main (RT) method used, best result possible (no saturation)"
,Ne2,41.16487,-96.4701,2011-03-06,h10v04,2120.0,1770.0,2620000.0,0.0,0b00000000,0b0,Good quality (main algorithm with or without saturation),0b0,Terra,0b0,"Detectors apparently fine for up to 50% of channels 1, 2",0b00,Significant clouds NOT present (clear),0b000,"Main (RT) method used, best result possible (no saturation)"
,Ne2,41.16487,-96.4701,2011-03-14,h10v04,2120.0,1770.0,3550000.0,0.0,0b00000000,0b0,Good quality (main algorithm with or without saturation),0b0,Terra,0b0,"Detectors apparently fine for up to 50% of channels 1, 2",0b00,Significant clouds NOT present (clear),0b000,"Main (RT) method used, best result possible (no saturation)"
,Ne2,41.16487,-96.4701,2011-03-22,h10v04,2120.0,1770.0,32765.0,105.0,0b01101001,0b1,Other Quality (back-up algorithm or fill values),0b0,Terra,0b0,"Detectors apparently fine for up to 50% of channels 1, 2",0b01,Significant clouds WERE present,0b011,"Main (RT) method failed due to problems other than geometry, empirical algorithm used"
,Ne2,41.16487,-96.4701,2011-03-30,h10v04,2120.0,1770.0,2070000.0,0.0,0b00000000,0b0,Good quality (main algorithm with or without saturation),0b0,Terra,0b0,"Detectors apparently fine for up to 50% of channels 1, 2",0b00,Significant clouds NOT present (clear),0b000,"Main (RT) method used, best result possible (no saturation)"
,Ne2,41.16487,-96.4701,2011-04-07,h10v04,2120.0,1770.0,3090000.0,0.0,0b00000000,0b0,Good quality (main algorithm with or without saturation),0b0,Terra,0b0,"Detectors apparently fine for up to 50% of channels 1, 2",0b00,Significant clouds NOT present (clear),0b000,"Main (RT) method used, best result possible (no saturation)"
,Ne2,41.16487,-96.4701,2011-04-15,h10v04,2120.0,1770.0,3650000.0,0.0,0b00000000,0b0,Good quality (main algorithm with or without saturation),0b0,Terra,0b0,"Detectors apparently fine for up to 50% of channels 1, 2",0b00,Significant clouds NOT present (clear),0b000,"Main (RT) method used, best result possible (no saturation)"
,Ne2,41.16487,-96.4701,2011-04-23,h10v04,2120.0,1770.0,32765.0,16.0,0b00010000,0b0,Good quality (main algorithm with or without saturation),0b0,Terra,0b0,"Detectors apparently fine for up to 50% of channels 1, 2",0b10,Mixed cloud present on pixel,0b000,"Main (RT) method used, best result possible (no saturation)"
,Ne2,41.16487,-96.4701,2011-05-01,h10v04,2120.0,1770.0,1680000.0,0.0,0b00000000,0b0,Good quality (main algorithm with or without saturation),0b0,Terra,0b0,"Detectors apparently fine for up to 50% of channels 1, 2",0b00,Significant clouds NOT present (clear),0b000,"Main (RT) method used, best result possible (no saturation)"
,Ne2,41.16487,-96.4701,2011-05-09,h10v04,2120.0,1770.0,3030000.0,0.0,0b00000000,0b0,Good quality (main algorithm with or without saturation),0b0,Terra,0b0,"Detectors apparently fine for up to 50% of channels 1, 2",0b00,Significant clouds NOT present (clear),0b000,"Main (RT) method used, best result possible (no saturation)"
,Ne2,41.16487,-96.4701,2011-05-17,h10v04,2120.0,1770.0,32765.0,8.0,0b00001000,0b0,Good quality (main algorithm with or without saturation),0b0,Terra,0b0,"Detectors apparently fine for up to 50% of channels 1, 2",0b01,Significant clouds WERE present,0b000,"Main (RT) method used, best result possible (no saturation)"
,Ne2,41.16487,-96.4701,2011-05-25,h10v04,2120.0,1770.0,3080000.0,0.0,0b00000000,0b0,Good quality (main algorithm with or without saturation),0b0,Terra,0b0,"Detectors apparently fine for up to 50% of channels 1, 2",0b00,Significant clouds NOT present (clear),0b000,"Main (RT) method used, best result possible (no saturation)"
,Ne2,41.16487,-96.4701,2011-06-02,h10v04,2120.0,1770.0,3460000.0,0.0,0b00000000,0b0,Good quality (main algorithm with or without saturation),0b0,Terra,0b0,"Detectors apparently fine for up to 50% of channels 1, 2",0b00,Significant clouds NOT present (clear),0b000,"Main (RT) method used, best result possible (no saturation)"
,Ne2,41.16487,-96.4701,2011-06-10,h10v04,2120.0,1770.0,32765.0,8.0,0b00001000,0b0,Good quality (main algorithm with or without saturation),0b0,Terra,0b0,"Detectors apparently fine for up to 50% of channels 1, 2",0b01,Significant clouds WERE present,0b000,"Main (RT) method used, best result possible (no saturation)"
,Ne2,41.16487,-96.4701,2011-06-18,h10v04,2120.0,1770.0,32765.0,16.0,0b00010000,0b0,Good quality (main algorithm with or without saturation),0b0,Terra,0b0,"Detectors apparently fine for up to 50% of channels 1, 2",0b10,Mixed cloud present on pixel,0b000,"Main (RT) method used, best result possible (no saturation)"
,Ne2,41.16487,-96.4701,2011-06-26,h10v04,2120.0,1770.0,7650000.0,0.0,0b00000000,0b0,Good quality (main algorithm with or without saturation),0b0,Terra,0b0,"Detectors apparently fine for up to 50% of channels 1, 2",0b00,Significant clouds NOT present (clear),0b000,"Main (RT) method used, best result possible (no saturation)"
,Ne2,41.16487,-96.4701,2011-07-04,h10v04,2120.0,1770.0,8780000.0,0.0,0b00000000,0b0,Good quality (main algorithm with or without saturation),0b0,Terra,0b0,"Detectors apparently fine for up to 50% of channels 1, 2",0b00,Significant clouds NOT present (clear),0b000,"Main (RT) method used, best result possible (no saturation)"
,Ne2,41.16487,-96.4701,2011-07-12,h10v04,2120.0,1770.0,7120000.0,0.0,0b00000000,0b0,Good quality (main algorithm with or without saturation),0b0,Terra,0b0,"Detectors apparently fine for up to 50% of channels 1, 2",0b00,Significant clouds NOT present (clear),0b000,"Main (RT) method used, best result possible (no saturation)"
,Ne2,41.16487,-96.4701,2011-07-20,h10v04,2120.0,1770.0,11550000.0,0.0,0b00000000,0b0,Good quality (main algorithm with or without saturation),0b0,Terra,0b0,"Detectors apparently fine for up to 50% of channels 1, 2",0b00,Significant clouds NOT present (clear),0b000,"Main (RT) method used, best result possible (no saturation)"
,Ne2,41.16487,-96.4701,2011-07-28,h10v04,2120.0,1770.0,9980000.0,0.0,0b00000000,0b0,Good quality (main algorithm with or without saturation),0b0,Terra,0b0,"Detectors apparently fine for up to 50% of channels 1, 2",0b00,Significant clouds NOT present (clear),0b000,"Main (RT) method used, best result possible (no saturation)"
,Ne2,41.16487,-96.4701,2011-08-05,h10v04,2120.0,1770.0,13030000.0,0.0,0b00000000,0b0,Good quality (main algorithm with or without saturation),0b0,Terra,0b0,"Detectors apparently fine for up to 50% of channels 1, 2",0b00,Significant clouds NOT present (clear),0b000,"Main (RT) method used, best result possible (no saturation)"
,Ne2,41.16487,-96.4701,2011-08-13,h10v04,2120.0,1770.0,11580000.0,0.0,0b00000000,0b0,Good quality (main algorithm with or without saturation),0b0,Terra,0b0,"Detectors apparently fine for up to 50% of channels 1, 2",0b00,Significant clouds NOT present (clear),0b000,"Main (RT) method used, best result possible (no saturation)"
,Ne2,41.16487,-96.4701,2011-08-21,h10v04,2120.0,1770.0,10680000.0,0.0,0b00000000,0b0,Good quality (main algorithm with or without saturation),0b0,Terra,0b0,"Detectors apparently fine for up to 50% of channels 1, 2",0b00,Significant clouds NOT present (clear),0b000,"Main (RT) method used, best result possible (no saturation)"
,Ne2,41.16487,-96.4701,2011-08-29,h10v04,2120.0,1770.0,5530000.0,0.0,0b00000000,0b0,Good quality (main algorithm with or without saturation),0b0,Terra,0b0,"Detectors apparently fine for up to 50% of channels 1, 2",0b00,Significant clouds NOT present (clear),0b000,"Main (RT) method used, best result possible (no saturation)"
,Ne2,41.16487,-96.4701,2011-09-06,h10v04,2120.0,1770.0,7320000.0,0.0,0b00000000,0b0,Good quality (main algorithm with or without saturation),0b0,Terra,0b0,"Detectors apparently fine for up to 50% of channels 1, 2",0b00,Significant clouds NOT present (clear),0b000,"Main (RT) method used, best result possible (no saturation)"
,Ne2,41.16487,-96.4701,2011-09-14,h10v04,2120.0,1770.0,4030000.0,0.0,0b00000000,0b0,Good quality (main algorithm with or without saturation),0b0,Terra,0b0,"Detectors apparently fine for up to 50% of channels 1, 2",0b00,Significant clouds NOT present (clear),0b000,"Main (RT) method used, best result possible (no saturation)"
,Ne2,41.16487,-96.4701,2011-09-22,h10v04,2120.0,1770.0,3590000.0,0.0,0b00000000,0b0,Good quality (main algorithm with or without saturation),0b0,Terra,0b0,"Detectors apparently fine for up to 50% of channels 1, 2",0b00,Significant clouds NOT present (clear),0b000,"Main (RT) method used, best result possible (no saturation)"
,Ne2,41.16487,-96.4701,2011-09-30,h10v04,2120.0,1770.0,1930000.0,0.0,0b00000000,0b0,Good quality (main algorithm with or without saturation),0b0,Terra,0b0,"Detectors apparently fine for up to 50% of channels 1, 2",0b00,Significant clouds NOT present (clear),0b000,"Main (RT) method used, best result possible (no saturation)"
,Ne2,41.16487,-96.4701,2011-10-08,h10v04,2120.0,1770.0,1600000.0,0.0,0b00000000,0b0,Good quality (main algorithm with or without saturation),0b0,Terra,0b0,"Detectors apparently fine for up to 50% of channels 1, 2",0b00,Significant clouds NOT present (clear),0b000,"Main (RT) method used, best result possible (no saturation)"
,Ne2,41.16487,-96.4701,2011-10-16,h10v04,2120.0,1770.0,1290000.0,0.0,0b00000000,0b0,Good quality (main algorithm with or without saturation),0b0,Terra,0b0,"Detectors apparently fine for up to 50% of channels 1, 2",0b00,Significant clouds NOT present (clear),0b000,"Main (RT) method used, best result possible (no saturation)"
,Ne2,41.16487,-96.4701,2011-10-24,h10v04,2120.0,1770.0,32765.0,16.0,0b00010000,0b0,Good quality (main algorithm with or without saturation),0b0,Terra,0b0,"Detectors apparently fine for up to 50% of channels 1, 2",0b10,Mixed cloud present on pixel,0b000,"Main (RT) method used, best result possible (no saturation)"
,Ne2,41.16487,-96.4701,2011-11-01,h10v04,2120.0,1770.0,32765.0,16.0,0b00010000,0b0,Good quality (main algorithm with or without saturation),0b0,Terra,0b0,"Detectors apparently fine for up to 50% of channels 1, 2",0b10,Mixed cloud present on pixel,0b000,"Main (RT) method used, best result possible (no saturation)"
,Ne2,41.16487,-96.4701,2011-11-09,h10v04,2120.0,1770.0,32765.0,8.0,0b00001000,0b0,Good quality (main algorithm with or without saturation),0b0,Terra,0b0,"Detectors apparently fine for up to 50% of channels 1, 2",0b01,Significant clouds WERE present,0b000,"Main (RT) method used, best result possible (no saturation)"
,Ne2,41.16487,-96.4701,2011-11-17,h10v04,2120.0,1770.0,32765.0,16.0,0b00010000,0b0,Good quality (main algorithm with or without saturation),0b0,Terra,0b0,"Detectors apparently fine for up to 50% of channels 1, 2",0b10,Mixed cloud present on pixel,0b000,"Main (RT) method used, best result possible (no saturation)"
,Ne2,41.16487,-96.4701,2011-11-25,h10v04,2120.0,1770.0,1890000.0,0.0,0b00000000,0b0,Good quality (main algorithm with or without saturation),0b0,Terra,0b0,"Detectors apparently fine for up to 50% of channels 1, 2",0b00,Significant clouds NOT present (clear),0b000,"Main (RT) method used, best result possible (no saturation)"
,Ne2,41.16487,-96.4701,2011-12-03,h10v04,2120.0,1770.0,32765.0,105.0,0b01101001,0b1,Other Quality (back-up algorithm or fill values),0b0,Terra,0b0,"Detectors apparently fine for up to 50% of channels 1, 2",0b01,Significant clouds WERE present,0b011,"Main (RT) method failed due to problems other than geometry, empirical algorithm used"
,Ne2,41.16487,-96.4701,2011-12-11,h10v04,2120.0,1770.0,1650000.0,0.0,0b00000000,0b0,Good quality (main algorithm with or without saturation),0b0,Terra,0b0,"Detectors apparently fine for up to 50% of channels 1, 2",0b00,Significant clouds NOT present (clear),0b000,"Main (RT) method used, best result possible (no saturation)"
,Ne2,41.16487,-96.4701,2011-12-19,h10v04,2120.0,1770.0,2270000.0,0.0,0b00000000,0b0,Good quality (main algorithm with or without saturation),0b0,Terra,0b0,"Detectors apparently fine for up to 50% of channels 1, 2",0b00,Significant clouds NOT present (clear),0b000,"Main (RT) method used, best result possible (no saturation)"
,Ne2,41.16487,-96.4701,2011-12-27,h10v04,2120.0,1770.0,2350000.0,0.0,0b00000000,0b0,Good quality (main algorithm with or without saturation),0b0,Terra,0b0,"Detectors apparently fine for up to 50% of channels 1, 2",0b00,Significant clouds NOT present (clear),0b000,"Main (RT) method used, best result possible (no saturation)"
,Ne2,41.16487,-96.4701,2012-01-01,h10v04,2120.0,1770.0,2150000.0,0.0,0b00000000,0b0,Good quality (main algorithm with or without saturation),0b0,Terra,0b0,"Detectors apparently fine for up to 50% of channels 1, 2",0b00,Significant clouds NOT present (clear),0b000,"Main (RT) method used, best result possible (no saturation)"
,Ne2,41.16487,-96.4701,2012-01-09,h10v04,2120.0,1770.0,2360000.0,0.0,0b00000000,0b0,Good quality (main algorithm with or without saturation),0b0,Terra,0b0,"Detectors apparently fine for up to 50% of channels 1, 2",0b00,Significant clouds NOT present (clear),0b000,"Main (RT) method used, best result possible (no saturation)"
,Ne2,41.16487,-96.4701,2012-01-17,h10v04,2120.0,1770.0,2180000.0,0.0,0b00000000,0b0,Good quality (main algorithm with or without saturation),0b0,Terra,0b0,"Detectors apparently fine for up to 50% of channels 1, 2",0b00,Significant clouds NOT present (clear),0b000,"Main (RT) method used, best result possible (no saturation)"
,Ne2,41.16487,-96.4701,2012-01-25,h10v04,2120.0,1770.0,2360000.0,0.0,0b00000000,0b0,Good quality (main algorithm with or without saturation),0b0,Terra,0b0,"Detectors apparently fine for up to 50% of channels 1, 2",0b00,Significant clouds NOT present (clear),0b000,"Main (RT) method used, best result possible (no saturation)"
,Ne2,41.16487,-96.4701,2012-02-02,h10v04,2120.0,1770.0,32765.0,105.0,0b01101001,0b1,Other Quality (back-up algorithm or fill values),0b0,Terra,0b0,"Detectors apparently fine for up to 50% of channels 1, 2",0b01,Significant clouds WERE present,0b011,"Main (RT) method failed due to problems other than geometry, empirical algorithm used"
,Ne2,41.16487,-96.4701,2012-02-10,h10v04,2120.0,1770.0,32765.0,97.0,0b01100001,0b1,Other Quality (back-up algorithm or fill values),0b0,Terra,0b0,"Detectors apparently fine for up to 50% of channels 1, 2",0b00,Significant clouds NOT present (clear),0b011,"Main (RT) method failed due to problems other than geometry, empirical algorithm used"
,Ne2,41.16487,-96.4701,2012-02-18,h10v04,2120.0,1770.0,32765.0,8.0,0b00001000,0b0,Good quality (main algorithm with or without saturation),0b0,Terra,0b0,"Detectors apparently fine for up to 50% of channels 1, 2",0b01,Significant clouds WERE present,0b000,"Main (RT) method used, best result possible (no saturation)"
,Ne2,41.16487,-96.4701,2012-02-26,h10v04,2120.0,1770.0,32765.0,8.0,0b00001000,0b0,Good quality (main algorithm with or without saturation),0b0,Terra,0b0,"Detectors apparently fine for up to 50% of channels 1, 2",0b01,Significant clouds WERE present,0b000,"Main (RT) method used, best result possible (no saturation)"
,Ne2,41.16487,-96.4701,2012-03-05,h10v04,2120.0,1770.0,32765.0,16.0,0b00010000,0b0,Good quality (main algorithm with or without saturation),0b0,Terra,0b0,"Detectors apparently fine for up to 50% of channels 1, 2",0b10,Mixed cloud present on pixel,0b000,"Main (RT) method used, best result possible (no saturation)"
,Ne2,41.16487,-96.4701,2012-03-13,h10v04,2120.0,1770.0,2010000.0,0.0,0b00000000,0b0,Good quality (main algorithm with or without saturation),0b0,Terra,0b0,"Detectors apparently fine for up to 50% of channels 1, 2",0b00,Significant clouds NOT present (clear),0b000,"Main (RT) method used, best result possible (no saturation)"
,Ne2,41.16487,-96.4701,2012-03-21,h10v04,2120.0,1770.0,1750000.0,0.0,0b00000000,0b0,Good quality (main algorithm with or without saturation),0b0,Terra,0b0,"Detectors apparently fine for up to 50% of channels 1, 2",0b00,Significant clouds NOT present (clear),0b000,"Main (RT) method used, best result possible (no saturation)"
,Ne2,41.16487,-96.4701,2012-03-29,h10v04,2120.0,1770.0,2470000.0,0.0,0b00000000,0b0,Good quality (main algorithm with or without saturation),0b0,Terra,0b0,"Detectors apparently fine for up to 50% of channels 1, 2",0b00,Significant clouds NOT present (clear),0b000,"Main (RT) method used, best result possible (no saturation)"
,Ne2,41.16487,-96.4701,2012-04-06,h10v04,2120.0,1770.0,1360000.0,0.0,0b00000000,0b0,Good quality (main algorithm with or without saturation),0b0,Terra,0b0,"Detectors apparently fine for up to 50% of channels 1, 2",0b00,Significant clouds NOT present (clear),0b000,"Main (RT) method used, best result possible (no saturation)"
,Ne2,41.16487,-96.4701,2012-04-14,h10v04,2120.0,1770.0,2780000.0,0.0,0b00000000,0b0,Good quality (main algorithm with or without saturation),0b0,Terra,0b0,"Detectors apparently fine for up to 50% of channels 1, 2",0b00,Significant clouds NOT present (clear),0b000,"Main (RT) method used, best result possible (no saturation)"
,Ne2,41.16487,-96.4701,2012-04-22,h10v04,2120.0,1770.0,2350000.0,0.0,0b00000000,0b0,Good quality (main algorithm with or without saturation),0b0,Terra,0b0,"Detectors apparently fine for up to 50% of channels 1, 2",0b00,Significant clouds NOT present (clear),0b000,"Main (RT) method used, best result possible (no saturation)"
,Ne2,41.16487,-96.4701,2012-04-30,h10v04,2120.0,1770.0,3740000.0,0.0,0b00000000,0b0,Good quality (main algorithm with or without saturation),0b0,Terra,0b0,"Detectors apparently fine for up to 50% of channels 1, 2",0b00,Significant clouds NOT present (clear),0b000,"Main (RT) method used, best result possible (no saturation)"
,Ne2,41.16487,-96.4701,2012-05-08,h10v04,2120.0,1770.0,1590000.0,0.0,0b00000000,0b0,Good quality (main algorithm with or without saturation),0b0,Terra,0b0,"Detectors apparently fine for up to 50% of channels 1, 2",0b00,Significant clouds NOT present (clear),0b000,"Main (RT) method used, best result possible (no saturation)"
,Ne2,41.16487,-96.4701,2012-05-16,h10v04,2120.0,1770.0,1750000.0,0.0,0b00000000,0b0,Good quality (main algorithm with or without saturation),0b0,Terra,0b0,"Detectors apparently fine for up to 50% of channels 1, 2",0b00,Significant clouds NOT present (clear),0b000,"Main (RT) method used, best result possible (no saturation)"
,Ne2,41.16487,-96.4701,2012-05-24,h10v04,2120.0,1770.0,3130000.0,0.0,0b00000000,0b0,Good quality (main algorithm with or without saturation),0b0,Terra,0b0,"Detectors apparently fine for up to 50% of channels 1, 2",0b00,Significant clouds NOT present (clear),0b000,"Main (RT) method used, best result possible (no saturation)"
,Ne2,41.16487,-96.4701,2012-06-01,h10v04,2120.0,1770.0,32765.0,16.0,0b00010000,0b0,Good quality (main algorithm with or without saturation),0b0,Terra,0b0,"Detectors apparently fine for up to 50% of channels 1, 2",0b10,Mixed cloud present on pixel,0b000,"Main (RT) method used, best result possible (no saturation)"
,Ne2,41.16487,-96.4701,2012-06-09,h10v04,2120.0,1770.0,5560000.0,0.0,0b00000000,0b0,Good quality (main algorithm with or without saturation),0b0,Terra,0b0,"Detectors apparently fine for up to 50% of channels 1, 2",0b00,Significant clouds NOT present (clear),0b000,"Main (RT) method used, best result possible (no saturation)"
,Ne2,41.16487,-96.4701,2012-06-17,h10v04,2120.0,1770.0,10880000.0,0.0,0b00000000,0b0,Good quality (main algorithm with or without saturation),0b0,Terra,0b0,"Detectors apparently fine for up to 50% of channels 1, 2",0b00,Significant clouds NOT present (clear),0b000,"Main (RT) method used, best result possible (no saturation)"
,Ne2,41.16487,-96.4701,2012-06-25,h10v04,2120.0,1770.0,8060000.0,0.0,0b00000000,0b0,Good quality (main algorithm with or without saturation),0b0,Terra,0b0,"Detectors apparently fine for up to 50% of channels 1, 2",0b00,Significant clouds NOT present (clear),0b000,"Main (RT) method used, best result possible (no saturation)"
,Ne2,41.16487,-96.4701,2012-07-03,h10v04,2120.0,1770.0,12840000.0,0.0,0b00000000,0b0,Good quality (main algorithm with or without saturation),0b0,Terra,0b0,"Detectors apparently fine for up to 50% of channels 1, 2",0b00,Significant clouds NOT present (clear),0b000,"Main (RT) method used, best result possible (no saturation)"
,Ne2,41.16487,-96.4701,2012-07-11,h10v04,2120.0,1770.0,8220000.0,0.0,0b00000000,0b0,Good quality (main algorithm with or without saturation),0b0,Terra,0b0,"Detectors apparently fine for up to 50% of channels 1, 2",0b00,Significant clouds NOT present (clear),0b000,"Main (RT) method used, best result possible (no saturation)"
,Ne2,41.16487,-96.4701,2012-07-19,h10v04,2120.0,1770.0,3970000.0,0.0,0b00000000,0b0,Good quality (main algorithm with or without saturation),0b0,Terra,0b0,"Detectors apparently fine for up to 50% of channels 1, 2",0b00,Significant clouds NOT present (clear),0b000,"Main (RT) method used, best result possible (no saturation)"
,Ne2,41.16487,-96.4701,2012-07-27,h10v04,2120.0,1770.0,6330000.0,0.0,0b00000000,0b0,Good quality (main algorithm with or without saturation),0b0,Terra,0b0,"Detectors apparently fine for up to 50% of channels 1, 2",0b00,Significant clouds NOT present (clear),0b000,"Main (RT) method used, best result possible (no saturation)"
,Ne2,41.16487,-96.4701,2012-08-04,h10v04,2120.0,1770.0,6770000.0,0.0,0b00000000,0b0,Good quality (main algorithm with or without saturation),0b0,Terra,0b0,"Detectors apparently fine for up to 50% of channels 1, 2",0b00,Significant clouds NOT present (clear),0b000,"Main (RT) method used, best result possible (no saturation)"
,Ne2,41.16487,-96.4701,2012-08-12,h10v04,2120.0,1770.0,6450000.0,0.0,0b00000000,0b0,Good quality (main algorithm with or without saturation),0b0,Terra,0b0,"Detectors apparently fine for up to 50% of channels 1, 2",0b00,Significant clouds NOT present (clear),0b000,"Main (RT) method used, best result possible (no saturation)"
,Ne2,41.16487,-96.4701,2012-08-20,h10v04,2120.0,1770.0,5410000.0,0.0,0b00000000,0b0,Good quality (main algorithm with or without saturation),0b0,Terra,0b0,"Detectors apparently fine for up to 50% of channels 1, 2",0b00,Significant clouds NOT present (clear),0b000,"Main (RT) method used, best result possible (no saturation)"
,Ne2,41.16487,-96.4701,2012-08-28,h10v04,2120.0,1770.0,3890000.0,0.0,0b00000000,0b0,Good quality (main algorithm with or without saturation),0b0,Terra,0b0,"Detectors apparently fine for up to 50% of channels 1, 2",0b00,Significant clouds NOT present (clear),0b000,"Main (RT) method used, best result possible (no saturation)"
,Ne2,41.16487,-96.4701,2012-09-05,h10v04,2120.0,1770.0,2040000.0,0.0,0b00000000,0b0,Good quality (main algorithm with or without saturation),0b0,Terra,0b0,"Detectors apparently fine for up to 50% of channels 1, 2",0b00,Significant clouds NOT present (clear),0b000,"Main (RT) method used, best result possible (no saturation)"
,Ne2,41.16487,-96.4701,2012-09-13,h10v04,2120.0,1770.0,1340000.0,0.0,0b00000000,0b0,Good quality (main algorithm with or without saturation),0b0,Terra,0b0,"Detectors apparently fine for up to 50% of channels 1, 2",0b00,Significant clouds NOT present (clear),0b000,"Main (RT) method used, best result possible (no saturation)"
,Ne2,41.16487,-96.4701,2012-09-21,h10v04,2120.0,1770.0,1080000.0,0.0,0b00000000,0b0,Good quality (main algorithm with or without saturation),0b0,Terra,0b0,"Detectors apparently fine for up to 50% of channels 1, 2",0b00,Significant clouds NOT present (clear),0b000,"Main (RT) method used, best result possible (no saturation)"
,Ne2,41.16487,-96.4701,2012-09-29,h10v04,2120.0,1770.0,1070000.0,0.0,0b00000000,0b0,Good quality (main algorithm with or without saturation),0b0,Terra,0b0,"Detectors apparently fine for up to 50% of channels 1, 2",0b00,Significant clouds NOT present (clear),0b000,"Main (RT) method used, best result possible (no saturation)"
,Ne2,41.16487,-96.4701,2012-10-07,h10v04,2120.0,1770.0,32765.0,8.0,0b00001000,0b0,Good quality (main algorithm with or without saturation),0b0,Terra,0b0,"Detectors apparently fine for up to 50% of channels 1, 2",0b01,Significant clouds WERE present,0b000,"Main (RT) method used, best result possible (no saturation)"
,Ne2,41.16487,-96.4701,2012-10-15,h10v04,2120.0,1770.0,32765.0,8.0,0b00001000,0b0,Good quality (main algorithm with or without saturation),0b0,Terra,0b0,"Detectors apparently fine for up to 50% of channels 1, 2",0b01,Significant clouds WERE present,0b000,"Main (RT) method used, best result possible (no saturation)"
,Ne2,41.16487,-96.4701,2012-10-23,h10v04,2120.0,1770.0,32765.0,8.0,0b00001000,0b0,Good quality (main algorithm with or without saturation),0b0,Terra,0b0,"Detectors apparently fine for up to 50% of channels 1, 2",0b01,Significant clouds WERE present,0b000,"Main (RT) method used, best result possible (no saturation)"
,Ne2,41.16487,-96.4701,2012-10-31,h10v04,2120.0,1770.0,32765.0,16.0,0b00010000,0b0,Good quality (main algorithm with or without saturation),0b0,Terra,0b0,"Detectors apparently fine for up to 50% of channels 1, 2",0b10,Mixed cloud present on pixel,0b000,"Main (RT) method used, best result possible (no saturation)"
,Ne2,41.16487,-96.4701,2012-11-08,h10v04,2120.0,1770.0,32765.0,16.0,0b00010000,0b0,Good quality (main algorithm with or without saturation),0b0,Terra,0b0,"Detectors apparently fine for up to 50% of channels 1, 2",0b10,Mixed cloud present on pixel,0b000,"Main (RT) method used, best result possible (no saturation)"
,Ne2,41.16487,-96.4701,2012-11-16,h10v04,2120.0,1770.0,1990000.0,0.0,0b00000000,0b0,Good quality (main algorithm with or without saturation),0b0,Terra,0b0,"Detectors apparently fine for up to 50% of channels 1, 2",0b00,Significant clouds NOT present (clear),0b000,"Main (RT) method used, best result possible (no saturation)"
,Ne2,41.16487,-96.4701,2012-11-24,h10v04,2120.0,1770.0,32765.0,8.0,0b00001000,0b0,Good quality (main algorithm with or without saturation),0b0,Terra,0b0,"Detectors apparently fine for up to 50% of channels 1, 2",0b01,Significant clouds WERE present,0b000,"Main (RT) method used, best result possible (no saturation)"
,Ne2,41.16487,-96.4701,2012-12-02,h10v04,2120.0,1770.0,1800000.0,0.0,0b00000000,0b0,Good quality (main algorithm with or without saturation),0b0,Terra,0b0,"Detectors apparently fine for up to 50% of channels 1, 2",0b00,Significant clouds NOT present (clear),0b000,"Main (RT) method used, best result possible (no saturation)"
,Ne2,41.16487,-96.4701,2012-12-10,h10v04,2120.0,1770.0,2260000.0,0.0,0b00000000,0b0,Good quality (main algorithm with or without saturation),0b0,Terra,0b0,"Detectors apparently fine for up to 50% of channels 1, 2",0b00,Significant clouds NOT present (clear),0b000,"Main (RT) method used, best result possible (no saturation)"
,Ne2,41.16487,-96.4701,2012-12-18,h10v04,2120.0,1770.0,1270000.0,0.0,0b00000000,0b0,Good quality (main algorithm with or without saturation),0b0,Terra,0b0,"Detectors apparently fine for up to 50% of channels 1, 2",0b00,Significant clouds NOT present (clear),0b000,"Main (RT) method used, best result possible (no saturation)"
,Ne2,41.16487,-96.4701,2012-12-26,h10v04,2120.0,1770.0,32765.0,97.0,0b01100001,0b1,Other Quality (back-up algorithm or fill values),0b0,Terra,0b0,"Detectors apparently fine for up to 50% of channels 1, 2",0b00,Significant clouds NOT present (clear),0b011,"Main (RT) method failed due to problems other than geometry, empirical algorithm used"
,Ne2,41.16487,-96.4701,2013-01-01,h10v04,2120.0,1770.0,32765.0,97.0,0b01100001,0b1,Other Quality (back-up algorithm or fill values),0b0,Terra,0b0,"Detectors apparently fine for up to 50% of channels 1, 2",0b00,Significant clouds NOT present (clear),0b011,"Main (RT) method failed due to problems other than geometry, empirical algorithm used"
,Ne3,41.17967,-96.43965,2010-12-27,h10v04,2116.0,1779.0,32765.0,8.0,0b00001000,0b0,Good quality (main algorithm with or without saturation),0b0,Terra,0b0,"Detectors apparently fine for up to 50% of channels 1, 2",0b01,Significant clouds WERE present,0b000,"Main (RT) method used, best result possible (no saturation)"
,Ne3,41.17967,-96.43965,2011-01-01,h10v04,2116.0,1779.0,32765.0,8.0,0b00001000,0b0,Good quality (main algorithm with or without saturation),0b0,Terra,0b0,"Detectors apparently fine for up to 50% of channels 1, 2",0b01,Significant clouds WERE present,0b000,"Main (RT) method used, best result possible (no saturation)"
,Ne3,41.17967,-96.43965,2011-01-09,h10v04,2116.0,1779.0,32765.0,105.0,0b01101001,0b1,Other Quality (back-up algorithm or fill values),0b0,Terra,0b0,"Detectors apparently fine for up to 50% of channels 1, 2",0b01,Significant clouds WERE present,0b011,"Main (RT) method failed due to problems other than geometry, empirical algorithm used"
,Ne3,41.17967,-96.43965,2011-01-17,h10v04,2116.0,1779.0,32765.0,105.0,0b01101001,0b1,Other Quality (back-up algorithm or fill values),0b0,Terra,0b0,"Detectors apparently fine for up to 50% of channels 1, 2",0b01,Significant clouds WERE present,0b011,"Main (RT) method failed due to problems other than geometry, empirical algorithm used"
,Ne3,41.17967,-96.43965,2011-01-25,h10v04,2116.0,1779.0,32765.0,97.0,0b01100001,0b1,Other Quality (back-up algorithm or fill values),0b0,Terra,0b0,"Detectors apparently fine for up to 50% of channels 1, 2",0b00,Significant clouds NOT present (clear),0b011,"Main (RT) method failed due to problems other than geometry, empirical algorithm used"
,Ne3,41.17967,-96.43965,2011-02-02,h10v04,2116.0,1779.0,32765.0,105.0,0b01101001,0b1,Other Quality (back-up algorithm or fill values),0b0,Terra,0b0,"Detectors apparently fine for up to 50% of channels 1, 2",0b01,Significant clouds WERE present,0b011,"Main (RT) method failed due to problems other than geometry, empirical algorithm used"
,Ne3,41.17967,-96.43965,2011-02-10,h10v04,2116.0,1779.0,1830000.0,0.0,0b00000000,0b0,Good quality (main algorithm with or without saturation),0b0,Terra,0b0,"Detectors apparently fine for up to 50% of channels 1, 2",0b00,Significant clouds NOT present (clear),0b000,"Main (RT) method used, best result possible (no saturation)"
,Ne3,41.17967,-96.43965,2011-02-18,h10v04,2116.0,1779.0,2560000.0,0.0,0b00000000,0b0,Good quality (main algorithm with or without saturation),0b0,Terra,0b0,"Detectors apparently fine for up to 50% of channels 1, 2",0b00,Significant clouds NOT present (clear),0b000,"Main (RT) method used, best result possible (no saturation)"
,Ne3,41.17967,-96.43965,2011-02-26,h10v04,2116.0,1779.0,32765.0,16.0,0b00010000,0b0,Good quality (main algorithm with or without saturation),0b0,Terra,0b0,"Detectors apparently fine for up to 50% of channels 1, 2",0b10,Mixed cloud present on pixel,0b000,"Main (RT) method used, best result possible (no saturation)"
,Ne3,41.17967,-96.43965,2011-03-06,h10v04,2116.0,1779.0,32765.0,16.0,0b00010000,0b0,Good quality (main algorithm with or without saturation),0b0,Terra,0b0,"Detectors apparently fine for up to 50% of channels 1, 2",0b10,Mixed cloud present on pixel,0b000,"Main (RT) method used, best result possible (no saturation)"
,Ne3,41.17967,-96.43965,2011-03-14,h10v04,2116.0,1779.0,32765.0,16.0,0b00010000,0b0,Good quality (main algorithm with or without saturation),0b0,Terra,0b0,"Detectors apparently fine for up to 50% of channels 1, 2",0b10,Mixed cloud present on pixel,0b000,"Main (RT) method used, best result possible (no saturation)"
,Ne3,41.17967,-96.43965,2011-03-22,h10v04,2116.0,1779.0,32765.0,105.0,0b01101001,0b1,Other Quality (back-up algorithm or fill values),0b0,Terra,0b0,"Detectors apparently fine for up to 50% of channels 1, 2",0b01,Significant clouds WERE present,0b011,"Main (RT) method failed due to problems other than geometry, empirical algorithm used"
,Ne3,41.17967,-96.43965,2011-03-30,h10v04,2116.0,1779.0,32765.0,16.0,0b00010000,0b0,Good quality (main algorithm with or without saturation),0b0,Terra,0b0,"Detectors apparently fine for up to 50% of channels 1, 2",0b10,Mixed cloud present on pixel,0b000,"Main (RT) method used, best result possible (no saturation)"
,Ne3,41.17967,-96.43965,2011-04-07,h10v04,2116.0,1779.0,32765.0,16.0,0b00010000,0b0,Good quality (main algorithm with or without saturation),0b0,Terra,0b0,"Detectors apparently fine for up to 50% of channels 1, 2",0b10,Mixed cloud present on pixel,0b000,"Main (RT) method used, best result possible (no saturation)"
,Ne3,41.17967,-96.43965,2011-04-15,h10v04,2116.0,1779.0,32765.0,16.0,0b00010000,0b0,Good quality (main algorithm with or without saturation),0b0,Terra,0b0,"Detectors apparently fine for up to 50% of channels 1, 2",0b10,Mixed cloud present on pixel,0b000,"Main (RT) method used, best result possible (no saturation)"
,Ne3,41.17967,-96.43965,2011-04-23,h10v04,2116.0,1779.0,3090000.0,0.0,0b00000000,0b0,Good quality (main algorithm with or without saturation),0b0,Terra,0b0,"Detectors apparently fine for up to 50% of channels 1, 2",0b00,Significant clouds NOT present (clear),0b000,"Main (RT) method used, best result possible (no saturation)"
,Ne3,41.17967,-96.43965,2011-05-01,h10v04,2116.0,1779.0,2100000.0,0.0,0b00000000,0b0,Good quality (main algorithm with or without saturation),0b0,Terra,0b0,"Detectors apparently fine for up to 50% of channels 1, 2",0b00,Significant clouds NOT present (clear),0b000,"Main (RT) method used, best result possible (no saturation)"
,Ne3,41.17967,-96.43965,2011-05-09,h10v04,2116.0,1779.0,3250000.0,0.0,0b00000000,0b0,Good quality (main algorithm with or without saturation),0b0,Terra,0b0,"Detectors apparently fine for up to 50% of channels 1, 2",0b00,Significant clouds NOT present (clear),0b000,"Main (RT) method used, best result possible (no saturation)"
,Ne3,41.17967,-96.43965,2011-05-17,h10v04,2116.0,1779.0,3510000.0,0.0,0b00000000,0b0,Good quality (main algorithm with or without saturation),0b0,Terra,0b0,"Detectors apparently fine for up to 50% of channels 1, 2",0b00,Significant clouds NOT present (clear),0b000,"Main (RT) method used, best result possible (no saturation)"
,Ne3,41.17967,-96.43965,2011-05-25,h10v04,2116.0,1779.0,3280000.0,0.0,0b00000000,0b0,Good quality (main algorithm with or without saturation),0b0,Terra,0b0,"Detectors apparently fine for up to 50% of channels 1, 2",0b00,Significant clouds NOT present (clear),0b000,"Main (RT) method used, best result possible (no saturation)"
,Ne3,41.17967,-96.43965,2011-06-02,h10v04,2116.0,1779.0,3850000.0,0.0,0b00000000,0b0,Good quality (main algorithm with or without saturation),0b0,Terra,0b0,"Detectors apparently fine for up to 50% of channels 1, 2",0b00,Significant clouds NOT present (clear),0b000,"Main (RT) method used, best result possible (no saturation)"
,Ne3,41.17967,-96.43965,2011-06-10,h10v04,2116.0,1779.0,32765.0,8.0,0b00001000,0b0,Good quality (main algorithm with or without saturation),0b0,Terra,0b0,"Detectors apparently fine for up to 50% of channels 1, 2",0b01,Significant clouds WERE present,0b000,"Main (RT) method used, best result possible (no saturation)"
,Ne3,41.17967,-96.43965,2011-06-18,h10v04,2116.0,1779.0,32765.0,8.0,0b00001000,0b0,Good quality (main algorithm with or without saturation),0b0,Terra,0b0,"Detectors apparently fine for up to 50% of channels 1, 2",0b01,Significant clouds WERE present,0b000,"Main (RT) method used, best result possible (no saturation)"
,Ne3,41.17967,-96.43965,2011-06-26,h10v04,2116.0,1779.0,7400000.0,0.0,0b00000000,0b0,Good quality (main algorithm with or without saturation),0b0,Terra,0b0,"Detectors apparently fine for up to 50% of channels 1, 2",0b00,Significant clouds NOT present (clear),0b000,"Main (RT) method used, best result possible (no saturation)"
,Ne3,41.17967,-96.43965,2011-07-04,h10v04,2116.0,1779.0,7990000.0,0.0,0b00000000,0b0,Good quality (main algorithm with or without saturation),0b0,Terra,0b0,"Detectors apparently fine for up to 50% of channels 1, 2",0b00,Significant clouds NOT present (clear),0b000,"Main (RT) method used, best result possible (no saturation)"
,Ne3,41.17967,-96.43965,2011-07-12,h10v04,2116.0,1779.0,8240000.0,0.0,0b00000000,0b0,Good quality (main algorithm with or without saturation),0b0,Terra,0b0,"Detectors apparently fine for up to 50% of channels 1, 2",0b00,Significant clouds NOT present (clear),0b000,"Main (RT) method used, best result possible (no saturation)"
,Ne3,41.17967,-96.43965,2011-07-20,h10v04,2116.0,1779.0,9540000.0,0.0,0b00000000,0b0,Good quality (main algorithm with or without saturation),0b0,Terra,0b0,"Detectors apparently fine for up to 50% of channels 1, 2",0b00,Significant clouds NOT present (clear),0b000,"Main (RT) method used, best result possible (no saturation)"
,Ne3,41.17967,-96.43965,2011-07-28,h10v04,2116.0,1779.0,6380000.0,0.0,0b00000000,0b0,Good quality (main algorithm with or without saturation),0b0,Terra,0b0,"Detectors apparently fine for up to 50% of channels 1, 2",0b00,Significant clouds NOT present (clear),0b000,"Main (RT) method used, best result possible (no saturation)"
,Ne3,41.17967,-96.43965,2011-08-05,h10v04,2116.0,1779.0,10080000.0,0.0,0b00000000,0b0,Good quality (main algorithm with or without saturation),0b0,Terra,0b0,"Detectors apparently fine for up to 50% of channels 1, 2",0b00,Significant clouds NOT present (clear),0b000,"Main (RT) method used, best result possible (no saturation)"
,Ne3,41.17967,-96.43965,2011-08-13,h10v04,2116.0,1779.0,9630000.0,0.0,0b00000000,0b0,Good quality (main algorithm with or without saturation),0b0,Terra,0b0,"Detectors apparently fine for up to 50% of channels 1, 2",0b00,Significant clouds NOT present (clear),0b000,"Main (RT) method used, best result possible (no saturation)"
,Ne3,41.17967,-96.43965,2011-08-21,h10v04,2116.0,1779.0,7950000.0,0.0,0b00000000,0b0,Good quality (main algorithm with or without saturation),0b0,Terra,0b0,"Detectors apparently fine for up to 50% of channels 1, 2",0b00,Significant clouds NOT present (clear),0b000,"Main (RT) method used, best result possible (no saturation)"
,Ne3,41.17967,-96.43965,2011-08-29,h10v04,2116.0,1779.0,4310000.0,0.0,0b00000000,0b0,Good quality (main algorithm with or without saturation),0b0,Terra,0b0,"Detectors apparently fine for up to 50% of channels 1, 2",0b00,Significant clouds NOT present (clear),0b000,"Main (RT) method used, best result possible (no saturation)"
,Ne3,41.17967,-96.43965,2011-09-06,h10v04,2116.0,1779.0,4270000.0,0.0,0b00000000,0b0,Good quality (main algorithm with or without saturation),0b0,Terra,0b0,"Detectors apparently fine for up to 50% of channels 1, 2",0b00,Significant clouds NOT present (clear),0b000,"Main (RT) method used, best result possible (no saturation)"
,Ne3,41.17967,-96.43965,2011-09-14,h10v04,2116.0,1779.0,2370000.0,0.0,0b00000000,0b0,Good quality (main algorithm with or without saturation),0b0,Terra,0b0,"Detectors apparently fine for up to 50% of channels 1, 2",0b00,Significant clouds NOT present (clear),0b000,"Main (RT) method used, best result possible (no saturation)"
,Ne3,41.17967,-96.43965,2011-09-22,h10v04,2116.0,1779.0,1790000.0,0.0,0b00000000,0b0,Good quality (main algorithm with or without saturation),0b0,Terra,0b0,"Detectors apparently fine for up to 50% of channels 1, 2",0b00,Significant clouds NOT present (clear),0b000,"Main (RT) method used, best result possible (no saturation)"
,Ne3,41.17967,-96.43965,2011-09-30,h10v04,2116.0,1779.0,570000.0,0.0,0b00000000,0b0,Good quality (main algorithm with or without saturation),0b0,Terra,0b0,"Detectors apparently fine for up to 50% of channels 1, 2",0b00,Significant clouds NOT present (clear),0b000,"Main (RT) method used, best result possible (no saturation)"
,Ne3,41.17967,-96.43965,2011-10-08,h10v04,2116.0,1779.0,1280000.0,0.0,0b00000000,0b0,Good quality (main algorithm with or without saturation),0b0,Terra,0b0,"Detectors apparently fine for up to 50% of channels 1, 2",0b00,Significant clouds NOT present (clear),0b000,"Main (RT) method used, best result possible (no saturation)"
,Ne3,41.17967,-96.43965,2011-10-16,h10v04,2116.0,1779.0,1360000.0,0.0,0b00000000,0b0,Good quality (main algorithm with or without saturation),0b0,Terra,0b0,"Detectors apparently fine for up to 50% of channels 1, 2",0b00,Significant clouds NOT present (clear),0b000,"Main (RT) method used, best result possible (no saturation)"
,Ne3,41.17967,-96.43965,2011-10-24,h10v04,2116.0,1779.0,900000.0,0.0,0b00000000,0b0,Good quality (main algorithm with or without saturation),0b0,Terra,0b0,"Detectors apparently fine for up to 50% of channels 1, 2",0b00,Significant clouds NOT present (clear),0b000,"Main (RT) method used, best result possible (no saturation)"
,Ne3,41.17967,-96.43965,2011-11-01,h10v04,2116.0,1779.0,32765.0,16.0,0b00010000,0b0,Good quality (main algorithm with or without saturation),0b0,Terra,0b0,"Detectors apparently fine for up to 50% of channels 1, 2",0b10,Mixed cloud present on pixel,0b000,"Main (RT) method used, best result possible (no saturation)"
,Ne3,41.17967,-96.43965,2011-11-09,h10v04,2116.0,1779.0,1330000.0,0.0,0b00000000,0b0,Good quality (main algorithm with or without saturation),0b0,Terra,0b0,"Detectors apparently fine for up to 50% of channels 1, 2",0b00,Significant clouds NOT present (clear),0b000,"Main (RT) method used, best result possible (no saturation)"
,Ne3,41.17967,-96.43965,2011-11-17,h10v04,2116.0,1779.0,32765.0,16.0,0b00010000,0b0,Good quality (main algorithm with or without saturation),0b0,Terra,0b0,"Detectors apparently fine for up to 50% of channels 1, 2",0b10,Mixed cloud present on pixel,0b000,"Main (RT) method used, best result possible (no saturation)"
,Ne3,41.17967,-96.43965,2011-11-25,h10v04,2116.0,1779.0,32765.0,8.0,0b00001000,0b0,Good quality (main algorithm with or without saturation),0b0,Terra,0b0,"Detectors apparently fine for up to 50% of channels 1, 2",0b01,Significant clouds WERE present,0b000,"Main (RT) method used, best result possible (no saturation)"
,Ne3,41.17967,-96.43965,2011-12-03,h10v04,2116.0,1779.0,32765.0,105.0,0b01101001,0b1,Other Quality (back-up algorithm or fill values),0b0,Terra,0b0,"Detectors apparently fine for up to 50% of channels 1, 2",0b01,Significant clouds WERE present,0b011,"Main (RT) method failed due to problems other than geometry, empirical algorithm used"
,Ne3,41.17967,-96.43965,2011-12-11,h10v04,2116.0,1779.0,32765.0,16.0,0b00010000,0b0,Good quality (main algorithm with or without saturation),0b0,Terra,0b0,"Detectors apparently fine for up to 50% of channels 1, 2",0b10,Mixed cloud present on pixel,0b000,"Main (RT) method used, best result possible (no saturation)"
,Ne3,41.17967,-96.43965,2011-12-19,h10v04,2116.0,1779.0,32765.0,16.0,0b00010000,0b0,Good quality (main algorithm with or without saturation),0b0,Terra,0b0,"Detectors apparently fine for up to 50% of channels 1, 2",0b10,Mixed cloud present on pixel,0b000,"Main (RT) method used, best result possible (no saturation)"
,Ne3,41.17967,-96.43965,2011-12-27,h10v04,2116.0,1779.0,2440000.0,0.0,0b00000000,0b0,Good quality (main algorithm with or without saturation),0b0,Terra,0b0,"Detectors apparently fine for up to 50% of channels 1, 2",0b00,Significant clouds NOT present (clear),0b000,"Main (RT) method used, best result possible (no saturation)"
,Ne3,41.17967,-96.43965,2012-01-01,h10v04,2116.0,1779.0,2240000.0,0.0,0b00000000,0b0,Good quality (main algorithm with or without saturation),0b0,Terra,0b0,"Detectors apparently fine for up to 50% of channels 1, 2",0b00,Significant clouds NOT present (clear),0b000,"Main (RT) method used, best result possible (no saturation)"
,Ne3,41.17967,-96.43965,2012-01-09,h10v04,2116.0,1779.0,32765.0,16.0,0b00010000,0b0,Good quality (main algorithm with or without saturation),0b0,Terra,0b0,"Detectors apparently fine for up to 50% of channels 1, 2",0b10,Mixed cloud present on pixel,0b000,"Main (RT) method used, best result possible (no saturation)"
,Ne3,41.17967,-96.43965,2012-01-17,h10v04,2116.0,1779.0,2170000.0,0.0,0b00000000,0b0,Good quality (main algorithm with or without saturation),0b0,Terra,0b0,"Detectors apparently fine for up to 50% of channels 1, 2",0b00,Significant clouds NOT present (clear),0b000,"Main (RT) method used, best result possible (no saturation)"
,Ne3,41.17967,-96.43965,2012-01-25,h10v04,2116.0,1779.0,2360000.0,0.0,0b00000000,0b0,Good quality (main algorithm with or without saturation),0b0,Terra,0b0,"Detectors apparently fine for up to 50% of channels 1, 2",0b00,Significant clouds NOT present (clear),0b000,"Main (RT) method used, best result possible (no saturation)"
,Ne3,41.17967,-96.43965,2012-02-02,h10v04,2116.0,1779.0,32765.0,105.0,0b01101001,0b1,Other Quality (back-up algorithm or fill values),0b0,Terra,0b0,"Detectors apparently fine for up to 50% of channels 1, 2",0b01,Significant clouds WERE present,0b011,"Main (RT) method failed due to problems other than geometry, empirical algorithm used"
,Ne3,41.17967,-96.43965,2012-02-10,h10v04,2116.0,1779.0,32765.0,97.0,0b01100001,0b1,Other Quality (back-up algorithm or fill values),0b0,Terra,0b0,"Detectors apparently fine for up to 50% of channels 1, 2",0b00,Significant clouds NOT present (clear),0b011,"Main (RT) method failed due to problems other than geometry, empirical algorithm used"
,Ne3,41.17967,-96.43965,2012-02-18,h10v04,2116.0,1779.0,32765.0,16.0,0b00010000,0b0,Good quality (main algorithm with or without saturation),0b0,Terra,0b0,"Detectors apparently fine for up to 50% of channels 1, 2",0b10,Mixed cloud present on pixel,0b000,"Main (RT) method used, best result possible (no saturation)"
,Ne3,41.17967,-96.43965,2012-02-26,h10v04,2116.0,1779.0,2230000.0,0.0,0b00000000,0b0,Good quality (main algorithm with or without saturation),0b0,Terra,0b0,"Detectors apparently fine for up to 50% of channels 1, 2",0b00,Significant clouds NOT present (clear),0b000,"Main (RT) method used, best result possible (no saturation)"
,Ne3,41.17967,-96.43965,2012-03-05,h10v04,2116.0,1779.0,32765.0,16.0,0b00010000,0b0,Good quality (main algorithm with or without saturation),0b0,Terra,0b0,"Detectors apparently fine for up to 50% of channels 1, 2",0b10,Mixed cloud present on pixel,0b000,"Main (RT) method used, best result possible (no saturation)"
,Ne3,41.17967,-96.43965,2012-03-13,h10v04,2116.0,1779.0,1990000.0,0.0,0b00000000,0b0,Good quality (main algorithm with or without saturation),0b0,Terra,0b0,"Detectors apparently fine for up to 50% of channels 1, 2",0b00,Significant clouds NOT present (clear),0b000,"Main (RT) method used, best result possible (no saturation)"
,Ne3,41.17967,-96.43965,2012-03-21,h10v04,2116.0,1779.0,1750000.0,0.0,0b00000000,0b0,Good quality (main algorithm with or without saturation),0b0,Terra,0b0,"Detectors apparently fine for up to 50% of channels 1, 2",0b00,Significant clouds NOT present (clear),0b000,"Main (RT) method used, best result possible (no saturation)"
,Ne3,41.17967,-96.43965,2012-03-29,h10v04,2116.0,1779.0,2340000.0,0.0,0b00000000,0b0,Good quality (main algorithm with or without saturation),0b0,Terra,0b0,"Detectors apparently fine for up to 50% of channels 1, 2",0b00,Significant clouds NOT present (clear),0b000,"Main (RT) method used, best result possible (no saturation)"
,Ne3,41.17967,-96.43965,2012-04-06,h10v04,2116.0,1779.0,1520000.0,0.0,0b00000000,0b0,Good quality (main algorithm with or without saturation),0b0,Terra,0b0,"Detectors apparently fine for up to 50% of channels 1, 2",0b00,Significant clouds NOT present (clear),0b000,"Main (RT) method used, best result possible (no saturation)"
,Ne3,41.17967,-96.43965,2012-04-14,h10v04,2116.0,1779.0,3010000.0,0.0,0b00000000,0b0,Good quality (main algorithm with or without saturation),0b0,Terra,0b0,"Detectors apparently fine for up to 50% of channels 1, 2",0b00,Significant clouds NOT present (clear),0b000,"Main (RT) method used, best result possible (no saturation)"
,Ne3,41.17967,-96.43965,2012-04-22,h10v04,2116.0,1779.0,2450000.0,0.0,0b00000000,0b0,Good quality (main algorithm with or without saturation),0b0,Terra,0b0,"Detectors apparently fine for up to 50% of channels 1, 2",0b00,Significant clouds NOT present (clear),0b000,"Main (RT) method used, best result possible (no saturation)"
,Ne3,41.17967,-96.43965,2012-04-30,h10v04,2116.0,1779.0,4530000.0,0.0,0b00000000,0b0,Good quality (main algorithm with or without saturation),0b0,Terra,0b0,"Detectors apparently fine for up to 50% of channels 1, 2",0b00,Significant clouds NOT present (clear),0b000,"Main (RT) method used, best result possible (no saturation)"
,Ne3,41.17967,-96.43965,2012-05-08,h10v04,2116.0,1779.0,2240000.0,0.0,0b00000000,0b0,Good quality (main algorithm with or without saturation),0b0,Terra,0b0,"Detectors apparently fine for up to 50% of channels 1, 2",0b00,Significant clouds NOT present (clear),0b000,"Main (RT) method used, best result possible (no saturation)"
,Ne3,41.17967,-96.43965,2012-05-16,h10v04,2116.0,1779.0,1750000.0,0.0,0b00000000,0b0,Good quality (main algorithm with or without saturation),0b0,Terra,0b0,"Detectors apparently fine for up to 50% of channels 1, 2",0b00,Significant clouds NOT present (clear),0b000,"Main (RT) method used, best result possible (no saturation)"
,Ne3,41.17967,-96.43965,2012-05-24,h10v04,2116.0,1779.0,2760000.0,0.0,0b00000000,0b0,Good quality (main algorithm with or without saturation),0b0,Terra,0b0,"Detectors apparently fine for up to 50% of channels 1, 2",0b00,Significant clouds NOT present (clear),0b000,"Main (RT) method used, best result possible (no saturation)"
,Ne3,41.17967,-96.43965,2012-06-01,h10v04,2116.0,1779.0,2780000.0,0.0,0b00000000,0b0,Good quality (main algorithm with or without saturation),0b0,Terra,0b0,"Detectors apparently fine for up to 50% of channels 1, 2",0b00,Significant clouds NOT present (clear),0b000,"Main (RT) method used, best result possible (no saturation)"
,Ne3,41.17967,-96.43965,2012-06-09,h10v04,2116.0,1779.0,3360000.0,0.0,0b00000000,0b0,Good quality (main algorithm with or without saturation),0b0,Terra,0b0,"Detectors apparently fine for up to 50% of channels 1, 2",0b00,Significant clouds NOT present (clear),0b000,"Main (RT) method used, best result possible (no saturation)"
,Ne3,41.17967,-96.43965,2012-06-17,h10v04,2116.0,1779.0,4190000.0,0.0,0b00000000,0b0,Good quality (main algorithm with or without saturation),0b0,Terra,0b0,"Detectors apparently fine for up to 50% of channels 1, 2",0b00,Significant clouds NOT present (clear),0b000,"Main (RT) method used, best result possible (no saturation)"
,Ne3,41.17967,-96.43965,2012-06-25,h10v04,2116.0,1779.0,32765.0,16.0,0b00010000,0b0,Good quality (main algorithm with or without saturation),0b0,Terra,0b0,"Detectors apparently fine for up to 50% of channels 1, 2",0b10,Mixed cloud present on pixel,0b000,"Main (RT) method used, best result possible (no saturation)"
,Ne3,41.17967,-96.43965,2012-07-03,h10v04,2116.0,1779.0,6000000.0,0.0,0b00000000,0b0,Good quality (main algorithm with or without saturation),0b0,Terra,0b0,"Detectors apparently fine for up to 50% of channels 1, 2",0b00,Significant clouds NOT present (clear),0b000,"Main (RT) method used, best result possible (no saturation)"
,Ne3,41.17967,-96.43965,2012-07-11,h10v04,2116.0,1779.0,5320000.0,0.0,0b00000000,0b0,Good quality (main algorithm with or without saturation),0b0,Terra,0b0,"Detectors apparently fine for up to 50% of channels 1, 2",0b00,Significant clouds NOT present (clear),0b000,"Main (RT) method used, best result possible (no saturation)"
,Ne3,41.17967,-96.43965,2012-07-19,h10v04,2116.0,1779.0,2140000.0,0.0,0b00000000,0b0,Good quality (main algorithm with or without saturation),0b0,Terra,0b0,"Detectors apparently fine for up to 50% of channels 1, 2",0b00,Significant clouds NOT present (clear),0b000,"Main (RT) method used, best result possible (no saturation)"
,Ne3,41.17967,-96.43965,2012-07-27,h10v04,2116.0,1779.0,4490000.0,0.0,0b00000000,0b0,Good quality (main algorithm with or without saturation),0b0,Terra,0b0,"Detectors apparently fine for up to 50% of channels 1, 2",0b00,Significant clouds NOT present (clear),0b000,"Main (RT) method used, best result possible (no saturation)"
,Ne3,41.17967,-96.43965,2012-08-04,h10v04,2116.0,1779.0,4000000.0,0.0,0b00000000,0b0,Good quality (main algorithm with or without saturation),0b0,Terra,0b0,"Detectors apparently fine for up to 50% of channels 1, 2",0b00,Significant clouds NOT present (clear),0b000,"Main (RT) method used, best result possible (no saturation)"
,Ne3,41.17967,-96.43965,2012-08-12,h10v04,2116.0,1779.0,5950000.0,0.0,0b00000000,0b0,Good quality (main algorithm with or without saturation),0b0,Terra,0b0,"Detectors apparently fine for up to 50% of channels 1, 2",0b00,Significant clouds NOT present (clear),0b000,"Main (RT) method used, best result possible (no saturation)"
,Ne3,41.17967,-96.43965,2012-08-20,h10v04,2116.0,1779.0,32765.0,16.0,0b00010000,0b0,Good quality (main algorithm with or without saturation),0b0,Terra,0b0,"Detectors apparently fine for up to 50% of channels 1, 2",0b10,Mixed cloud present on pixel,0b000,"Main (RT) method used, best result possible (no saturation)"
,Ne3,41.17967,-96.43965,2012-08-28,h10v04,2116.0,1779.0,3410000.0,0.0,0b00000000,0b0,Good quality (main algorithm with or without saturation),0b0,Terra,0b0,"Detectors apparently fine for up to 50% of channels 1, 2",0b00,Significant clouds NOT present (clear),0b000,"Main (RT) method used, best result possible (no saturation)"
,Ne3,41.17967,-96.43965,2012-09-05,h10v04,2116.0,1779.0,2810000.0,0.0,0b00000000,0b0,Good quality (main algorithm with or without saturation),0b0,Terra,0b0,"Detectors apparently fine for up to 50% of channels 1, 2",0b00,Significant clouds NOT present (clear),0b000,"Main (RT) method used, best result possible (no saturation)"
,Ne3,41.17967,-96.43965,2012-09-13,h10v04,2116.0,1779.0,2090000.0,0.0,0b00000000,0b0,Good quality (main algorithm with or without saturation),0b0,Terra,0b0,"Detectors apparently fine for up to 50% of channels 1, 2",0b00,Significant clouds NOT present (clear),0b000,"Main (RT) method used, best result possible (no saturation)"
,Ne3,41.17967,-96.43965,2012-09-21,h10v04,2116.0,1779.0,1220000.0,0.0,0b00000000,0b0,Good quality (main algorithm with or without saturation),0b0,Terra,0b0,"Detectors apparently fine for up to 50% of channels 1, 2",0b00,Significant clouds NOT present (clear),0b000,"Main (RT) method used, best result possible (no saturation)"
,Ne3,41.17967,-96.43965,2012-09-29,h10v04,2116.0,1779.0,1070000.0,0.0,0b00000000,0b0,Good quality (main algorithm with or without saturation),0b0,Terra,0b0,"Detectors apparently fine for up to 50% of channels 1, 2",0b00,Significant clouds NOT present (clear),0b000,"Main (RT) method used, best result possible (no saturation)"
,Ne3,41.17967,-96.43965,2012-10-07,h10v04,2116.0,1779.0,32765.0,16.0,0b00010000,0b0,Good quality (main algorithm with or without saturation),0b0,Terra,0b0,"Detectors apparently fine for up to 50% of channels 1, 2",0b10,Mixed cloud present on pixel,0b000,"Main (RT) method used, best result possible (no saturation)"
,Ne3,41.17967,-96.43965,2012-10-15,h10v04,2116.0,1779.0,1980000.0,0.0,0b00000000,0b0,Good quality (main algorithm with or without saturation),0b0,Terra,0b0,"Detectors apparently fine for up to 50% of channels 1, 2",0b00,Significant clouds NOT present (clear),0b000,"Main (RT) method used, best result possible (no saturation)"
,Ne3,41.17967,-96.43965,2012-10-23,h10v04,2116.0,1779.0,32765.0,8.0,0b00001000,0b0,Good quality (main algorithm with or without saturation),0b0,Terra,0b0,"Detectors apparently fine for up to 50% of channels 1, 2",0b01,Significant clouds WERE present,0b000,"Main (RT) method used, best result possible (no saturation)"
,Ne3,41.17967,-96.43965,2012-10-31,h10v04,2116.0,1779.0,32765.0,16.0,0b00010000,0b0,Good quality (main algorithm with or without saturation),0b0,Terra,0b0,"Detectors apparently fine for up to 50% of channels 1, 2",0b10,Mixed cloud present on pixel,0b000,"Main (RT) method used, best result possible (no saturation)"
,Ne3,41.17967,-96.43965,2012-11-08,h10v04,2116.0,1779.0,32765.0,8.0,0b00001000,0b0,Good quality (main algorithm with or without saturation),0b0,Terra,0b0,"Detectors apparently fine for up to 50% of channels 1, 2",0b01,Significant clouds WERE present,0b000,"Main (RT) method used, best result possible (no saturation)"
,Ne3,41.17967,-96.43965,2012-11-16,h10v04,2116.0,1779.0,32765.0,16.0,0b00010000,0b0,Good quality (main algorithm with or without saturation),0b0,Terra,0b0,"Detectors apparently fine for up to 50% of channels 1, 2",0b10,Mixed cloud present on pixel,0b000,"Main (RT) method used, best result possible (no saturation)"
,Ne3,41.17967,-96.43965,2012-11-24,h10v04,2116.0,1779.0,32765.0,8.0,0b00001000,0b0,Good quality (main algorithm with or without saturation),0b0,Terra,0b0,"Detectors apparently fine for up to 50% of channels 1, 2",0b01,Significant clouds WERE present,0b000,"Main (RT) method used, best result possible (no saturation)"
,Ne3,41.17967,-96.43965,2012-12-02,h10v04,2116.0,1779.0,32765.0,16.0,0b00010000,0b0,Good quality (main algorithm with or without saturation),0b0,Terra,0b0,"Detectors apparently fine for up to 50% of channels 1, 2",0b10,Mixed cloud present on pixel,0b000,"Main (RT) method used, best result possible (no saturation)"
,Ne3,41.17967,-96.43965,2012-12-10,h10v04,2116.0,1779.0,32765.0,16.0,0b00010000,0b0,Good quality (main algorithm with or without saturation),0b0,Terra,0b0,"Detectors apparently fine for up to 50% of channels 1, 2",0b10,Mixed cloud present on pixel,0b000,"Main (RT) method used, best result possible (no saturation)"
,Ne3,41.17967,-96.43965,2012-12-18,h10v04,2116.0,1779.0,1240000.0,0.0,0b00000000,0b0,Good quality (main algorithm with or without saturation),0b0,Terra,0b0,"Detectors apparently fine for up to 50% of channels 1, 2",0b00,Significant clouds NOT present (clear),0b000,"Main (RT) method used, best result possible (no saturation)"
,Ne3,41.17967,-96.43965,2012-12-26,h10v04,2116.0,1779.0,32765.0,97.0,0b01100001,0b1,Other Quality (back-up algorithm or fill values),0b0,Terra,0b0,"Detectors apparently fine for up to 50% of channels 1, 2",0b00,Significant clouds NOT present (clear),0b011,"Main (RT) method failed due to problems other than geometry, empirical algorithm used"
,Ne3,41.17967,-96.43965,2013-01-01,h10v04,2116.0,1779.0,32765.0,97.0,0b01100001,0b1,Other Quality (back-up algorithm or fill values),0b0,Terra,0b0,"Detectors apparently fine for up to 50% of channels 1, 2",0b00,Significant clouds NOT present (clear),0b011,"Main (RT) method failed due to problems other than geometry, empirical algorithm used"
